Transaction_ID,Transaction_Amount,Transaction_Volume,Average_Transaction_Amount,Frequency_of_Transactions,Time_Since_Last_Transaction,Day_of_Week,Time_of_Day,Age,Gender,Income,Account_Type,Is_FRAUD
T00001,380.7947176588889,8,94.63014481424716,4,22,Monday,12,41,Male,30798.278885731368,Savings,0
T00002,951.207163345817,3,230.6724421375797,2,8,Saturday,23,44,Female,43694.14124471988,Savings,0
T00003,734.6740023932911,8,410.0319359146218,10,23,Friday,7,47,Female,65782.7051633601,Savings,0
T00004,602.6718993550662,5,141.81603558300446,4,3,Thursday,13,62,Male,55348.29664728512,Checking,0
T00005,164.45845403801215,1,299.78822718602885,3,8,Sunday,23,44,Female,47737.500898872895,Savings,0
T00006,164.43457513284062,7,379.88208321335367,2,18,Friday,0,43,Female,79716.17030856913,Savings,0
T00007,67.50277604651747,5,327.19345261708054,17,10,Monday,16,24,Female,91480.79771146543,Checking,0
T00008,867.5143843171858,6,134.61113057693726,13,25,Wednesday,23,59,Female,80543.13783219177,Savings,0
T00009,605.1038616257767,6,209.92305590858274,5,20,Saturday,4,64,Female,46560.05616941434,Savings,0
T00010,710.9918520180851,8,402.70630301842874,9,17,Friday,1,55,Male,79555.37342700429,Savings,0
T00011,30.378649352844423,9,299.4019313594075,6,8,Sunday,23,22,Male,32158.414597924097,Savings,0
T00012,970.2107536403744,2,52.35332609431073,5,23,Tuesday,8,40,Male,30425.439047303273,Checking,0
T00013,834.1182143924175,9,392.44584201264223,10,11,Thursday,3,45,Female,47650.16296289272,Savings,0
T00014,220.2157195714934,9,65.89010972310759,8,29,Sunday,16,51,Female,84616.18952352456,Checking,0
T00015,190.00671753502962,7,385.58020222905446,7,5,Friday,16,32,Female,39707.85977938415,Savings,0
T00016,191.5704647548995,1,141.11625207435685,7,26,Thursday,20,49,Female,25060.272711894366,Savings,0
T00017,311.1998205299424,7,481.1330660537211,6,13,Saturday,17,43,Male,30536.76281650841,Checking,0
T00018,529.5088673159155,5,215.57333808593802,3,21,Tuesday,15,65,Male,88699.59748236641,Savings,0
T00019,437.62556845569463,6,197.1192273521356,19,23,Wednesday,7,48,Male,70702.66277978302,Checking,0
T00020,298.3168487960615,7,116.9996226496001,15,5,Sunday,10,36,Male,40256.09306959814,Checking,0
T00021,615.7343657751557,5,187.52189697059669,4,24,Wednesday,20,26,Male,64423.666026254505,Checking,0
T00022,148.09892204552142,7,444.49284282269025,12,27,Tuesday,20,46,Male,62206.36979402803,Savings,0
T00023,299.22320204986596,9,498.3504519322613,6,13,Thursday,17,68,Female,72434.87827525291,Savings,0
T00024,372.6982248607548,3,215.73928872808176,19,6,Saturday,22,56,Female,38655.00435372931,Savings,0
T00025,461.50928437486556,8,251.87478392954415,4,29,Friday,23,21,Male,89152.23897555181,Savings,0
T00026,787.3242017790834,2,374.93192219123165,15,5,Tuesday,9,20,Female,44749.484966401025,Checking,1
T00027,207.67704433677613,7,448.7881012092835,9,9,Monday,12,46,Male,75530.53231809895,Savings,0
T00028,519.0920940294754,2,316.86995038405286,5,27,Thursday,16,69,Male,21289.97170977719,Savings,0
T00029,596.4904231734221,4,226.1865641800232,13,16,Wednesday,17,28,Female,49812.57039153178,Checking,0
T00030,55.98590859279775,7,235.6798283818807,18,2,Sunday,9,50,Male,48136.78543670467,Checking,0
T00031,611.4694033824239,3,363.0281659235631,5,1,Tuesday,15,55,Male,63478.75428664116,Savings,0
T00032,178.8188824504186,2,51.448218621925406,16,8,Wednesday,19,28,Male,25818.900942175722,Checking,0
T00033,74.40107705542673,7,328.8152018569283,19,28,Thursday,4,44,Female,83210.50989808867,Checking,0
T00034,949.3966818807999,1,209.97185469861083,14,19,Wednesday,12,50,Female,37422.46414140548,Checking,0
T00035,965.9757127438138,8,407.38879907468794,16,11,Tuesday,17,38,Female,74163.02519056082,Checking,0
T00036,810.3133746352966,3,91.84578792040946,15,28,Thursday,16,56,Female,84256.96985952745,Checking,0
T00037,311.56763148163697,2,314.69102012677575,4,12,Monday,8,48,Male,64950.15649932105,Savings,0
T00038,106.69539286632003,3,266.4378004487557,7,12,Tuesday,13,55,Female,79270.65653775884,Savings,0
T00039,687.3906962470353,5,339.0464866573523,16,7,Friday,16,63,Female,72948.82497720045,Savings,0
T00040,445.7509688022053,8,79.18411751733575,8,26,Saturday,3,19,Female,48442.38377216061,Savings,0
T00041,130.81785249633106,7,310.99270434265907,17,13,Tuesday,17,44,Male,84708.68312268522,Savings,0
T00042,500.2251410101575,7,302.66806458178564,16,27,Thursday,19,53,Female,43576.10959084224,Savings,0
T00043,44.04463590406621,7,302.29704248727694,10,8,Sunday,23,28,Female,65697.03342012137,Savings,0
T00044,910.2271980579942,8,321.5694499684047,10,29,Saturday,23,64,Male,79631.81913132317,Checking,0
T00045,266.1921817840167,1,354.410571751863,2,29,Tuesday,14,35,Male,50316.47278500061,Savings,0
T00046,665.8970615104422,4,412.2450498563464,9,22,Monday,10,18,Male,44221.408609394,Savings,0
T00047,318.59396532851684,6,171.41932405769646,17,28,Sunday,11,52,Male,56747.68081382582,Savings,0
T00048,524.8673409660327,9,421.27223458102793,11,26,Monday,8,52,Female,85437.07954793228,Checking,0
T00049,551.2431765498469,2,274.21505701855415,10,9,Friday,12,48,Male,94393.74105165318,Savings,0
T00050,193.00591097027177,1,84.67622561044902,17,7,Sunday,14,45,Female,63606.673028791214,Savings,0
T00051,969.888781486913,2,76.34791815979064,4,26,Wednesday,14,56,Female,72917.29642589216,Checking,0
T00052,777.3814951275034,7,200.40724341322735,16,21,Sunday,4,18,Female,92261.88977911313,Savings,0
T00053,940.1039521485473,3,403.2036397001604,15,24,Saturday,22,42,Female,27883.74811303539,Savings,0
T00054,895.8790769233724,2,368.4564206334121,5,15,Sunday,18,60,Female,38566.286229293204,Checking,0
T00055,601.9209790229743,7,404.8767341025829,6,2,Thursday,19,55,Male,76712.0005001266,Savings,0
T00056,922.6554926728857,2,282.7710753987242,17,23,Thursday,13,37,Female,85899.55695298397,Checking,0
T00057,97.6075770314003,3,248.08954907997074,1,20,Wednesday,16,20,Female,88562.32226644624,Savings,0
T00058,204.02303379495373,7,116.35363701782778,19,25,Sunday,17,68,Female,53208.574148394604,Savings,0
T00059,54.775016021432684,4,197.6867391241902,4,12,Monday,20,19,Male,27147.192183349347,Savings,0
T00060,332.0770274556317,1,245.30871477824388,17,1,Monday,2,35,Female,55022.518183969594,Checking,0
T00061,394.7905167925872,5,89.87019335582775,9,23,Tuesday,1,61,Female,38458.7672165643,Checking,0
T00062,278.63554145615694,9,149.27537872004507,2,22,Friday,0,27,Male,43295.716399729936,Checking,0
T00063,830.45013406041,8,319.2013823286825,8,8,Saturday,9,22,Female,81781.40454700046,Savings,0
T00064,363.1857934266534,9,381.0484014076354,15,5,Friday,18,26,Female,26042.16688207095,Savings,0
T00065,288.1251645905069,9,499.2563801268273,7,15,Sunday,16,19,Male,86206.49739845617,Checking,0
T00066,547.269122326666,7,469.90099910460094,6,1,Friday,11,51,Female,54213.52686593353,Checking,0
T00067,149.51498272501502,4,339.1543397908362,1,1,Tuesday,0,55,Female,67685.1144880476,Savings,0
T00068,804.1750109464992,5,239.5616239823324,15,25,Friday,11,48,Female,27172.178498854322,Savings,0
T00069,83.80513724297312,1,336.27981411870473,7,10,Wednesday,16,27,Female,46988.726268582366,Savings,0
T00070,987.0180672345122,1,403.5432281361044,17,22,Tuesday,23,67,Female,27176.073521187664,Savings,0
T00071,774.5223216036909,3,103.25128591552429,2,10,Wednesday,2,29,Male,96923.49783048876,Checking,0
T00072,206.72852471883067,8,234.45720036332972,9,21,Sunday,10,53,Male,84580.93194610003,Savings,0
T00073,15.466895952366375,2,427.91102853602774,9,15,Tuesday,16,38,Male,56770.620348516815,Savings,0
T00074,817.3068141702859,4,222.7248283698698,13,17,Sunday,22,66,Female,37888.20386589369,Savings,0
T00075,709.788770409141,2,307.34252205223396,6,22,Sunday,2,64,Female,94676.40841998818,Savings,0
T00076,731.7170963605774,5,314.4962123879892,6,6,Friday,7,23,Female,47567.727658157746,Savings,0
T00077,773.5576432190862,9,133.01431391013773,3,3,Wednesday,19,65,Male,32878.75453498998,Savings,0
T00078,83.30420521674945,1,213.00594874352979,17,13,Sunday,3,66,Female,65053.15107631639,Savings,0
T00079,364.8810712588299,5,200.53007993386947,17,16,Wednesday,20,20,Female,95501.92962758528,Checking,0
T00080,124.71036892987841,9,61.78851883942916,12,8,Wednesday,21,27,Female,20306.423240025804,Checking,0
T00081,864.4723916168376,1,60.88629375110986,16,15,Tuesday,6,22,Male,39049.9874603199,Checking,0
T00082,627.0651455592823,9,424.26366965409807,15,17,Thursday,13,63,Male,95075.81123283261,Savings,0
T00083,337.5890446041227,8,172.8818644877656,13,17,Friday,13,43,Female,33686.87734857296,Checking,0
T00084,72.9227667831634,4,283.1354448074669,1,22,Sunday,3,38,Female,29059.47613118559,Savings,0
T00085,317.8724984985056,5,184.42650811494786,17,26,Wednesday,15,62,Female,65614.97726398436,Savings,0
T00086,331.9314888064796,5,473.30566030190323,3,13,Saturday,23,43,Male,88947.5058635864,Savings,0
T00087,732.3101165546834,6,166.68354148959818,15,17,Thursday,21,55,Male,58168.78541551409,Savings,0
T00088,641.181896641661,7,243.34556573252078,4,6,Sunday,0,61,Male,99565.14053476197,Checking,0
T00089,888.3406151505633,8,442.72861271807085,4,17,Saturday,16,43,Female,74333.73596303942,Savings,0
T00090,477.4927759103298,8,428.8701050563139,18,16,Friday,9,25,Male,25925.99257683582,Savings,0
T00091,128.3983034789187,2,133.7456380308248,17,14,Friday,21,22,Female,99426.57053455804,Checking,0
T00092,716.1123393507651,9,411.1894894080697,19,13,Wednesday,15,32,Female,52631.53894241524,Checking,0
T00093,763.1771981307285,7,256.1840990320517,11,6,Wednesday,15,33,Male,42992.2027076386,Checking,0
T00094,565.6644255938013,4,267.33599243840985,3,3,Sunday,7,18,Female,64630.334686230846,Savings,0
T00095,773.2575081550153,4,110.0659875871747,8,14,Tuesday,6,33,Male,44344.607345669145,Checking,0
T00096,498.85764040074685,8,86.27068119070609,14,14,Thursday,5,54,Female,26916.600569612187,Savings,0
T00097,527.5055010881741,4,377.57268813819434,1,15,Sunday,15,20,Female,20114.26744633414,Savings,0
T00098,433.26560817496414,6,273.4075185598849,14,8,Thursday,19,69,Male,55966.668233620985,Checking,0
T00099,35.164935476654236,5,246.5828161768308,2,29,Wednesday,15,64,Female,86949.07377812738,Checking,0
T00100,116.81251272337141,3,378.27870289357855,4,15,Friday,6,48,Female,65785.21485040613,Checking,1
T00101,41.11489382986691,2,394.4808045459994,19,22,Wednesday,8,30,Female,99936.58391547526,Savings,0
T00102,640.0463071511426,9,121.5086754512091,6,29,Friday,13,33,Female,42947.731651776,Savings,0
T00103,321.2124212655634,9,324.6013172649386,1,27,Sunday,10,60,Female,42436.40518080443,Savings,0
T00104,513.4849842530557,1,110.90933702495849,17,13,Friday,13,38,Female,32779.95681871554,Savings,0
T00105,908.490809186832,3,388.11878871307056,8,17,Wednesday,6,19,Female,33125.08706122681,Savings,0
T00106,256.7993068573862,8,345.6298203202128,19,21,Monday,0,44,Female,42814.92768080383,Savings,0
T00107,416.2790938052734,6,480.4765794875561,1,24,Thursday,12,55,Male,83427.20362188217,Checking,0
T00108,757.9956271576182,5,81.03110736038953,5,3,Saturday,19,43,Male,92460.54325091583,Savings,0
T00109,236.51018383670623,5,75.67462451806445,16,28,Friday,2,55,Female,98006.9735766145,Checking,0
T00110,86.21011073050506,6,176.98418361194007,6,6,Friday,19,63,Female,38583.17232771621,Checking,0
T00111,296.85393838463034,7,167.76755768115768,8,5,Monday,3,42,Male,90503.80364912734,Checking,0
T00112,169.60907438146438,1,161.1404595823999,13,22,Sunday,10,28,Female,46260.40714218696,Checking,0
T00113,930.4006758191473,9,457.8145612344665,16,26,Sunday,1,25,Male,29027.243561350755,Checking,0
T00114,810.0391757687728,3,162.29578993227773,3,17,Sunday,13,25,Male,89601.99404161324,Savings,0
T00115,637.0697189453192,4,172.37737675788395,19,23,Saturday,11,50,Male,70888.45077148949,Savings,0
T00116,872.7459842858406,1,391.72921808808366,12,25,Tuesday,16,24,Female,33178.47168648494,Savings,0
T00117,805.6353561301233,3,252.382929102743,16,2,Monday,11,55,Female,54386.50060104021,Savings,0
T00118,194.70435829717547,2,399.51975062983155,11,26,Saturday,11,38,Female,42980.61559016541,Checking,0
T00119,893.633408505078,2,79.41477090397336,10,15,Monday,0,25,Male,78943.56549681576,Checking,0
T00120,543.9488194964943,1,269.40703715302294,4,5,Friday,12,68,Male,56273.298449941445,Checking,0
T00121,809.3657536124219,8,65.12612008247719,12,26,Thursday,13,38,Male,99142.3956085108,Savings,0
T00122,897.1303869242583,3,78.19394155490954,2,20,Monday,23,37,Female,24379.59858076761,Savings,0
T00123,324.8234402221452,3,457.8968540049849,19,6,Tuesday,1,25,Male,48401.22129089973,Savings,0
T00124,118.95140528239999,6,112.66041700291782,5,6,Wednesday,11,63,Male,58552.013368798194,Savings,0
T00125,235.65581091652226,8,289.5893070238477,8,27,Saturday,20,48,Female,60250.68437986558,Checking,0
T00126,432.83671073999375,9,234.99302117031795,7,18,Monday,15,67,Male,45274.86579085094,Checking,0
T00127,819.8346182632682,9,206.3044968164792,14,18,Monday,3,46,Male,78339.21992780545,Savings,0
T00128,862.12327742378,4,454.9250055592726,3,4,Tuesday,7,65,Female,89979.76587911799,Savings,0
T00129,16.882609225878795,5,59.82052854897027,18,17,Thursday,1,26,Female,95097.54415822904,Checking,0
T00130,515.6398295517901,2,348.7053587790151,16,25,Monday,9,32,Male,84407.4701439621,Checking,0
T00131,423.2368931172912,9,483.52749539609766,19,14,Monday,8,47,Female,88046.41578452796,Checking,0
T00132,229.88673236602295,8,302.0756825578289,19,14,Thursday,22,43,Male,64043.62404959964,Checking,0
T00133,128.66671366034598,3,471.5701079148913,18,13,Tuesday,14,27,Female,86071.05811414517,Savings,0
T00134,344.23901968959166,9,73.5160456787107,16,7,Saturday,12,46,Male,44280.31273183618,Checking,0
T00135,943.480606873394,3,238.45699358337262,8,12,Saturday,22,33,Female,51878.30096873715,Checking,0
T00136,329.9709027005477,9,167.07100593292301,1,23,Monday,16,53,Male,45353.04110548354,Checking,0
T00137,523.6027155259325,2,378.8694342413284,17,15,Thursday,15,37,Female,57390.98683583403,Checking,0
T00138,705.9887693062261,9,491.583690723761,12,19,Monday,1,62,Female,42846.36929909091,Savings,0
T00139,369.99330635550103,8,165.4385280999115,11,11,Sunday,19,54,Female,96928.91538035574,Savings,0
T00140,972.0642618937511,9,344.3785706633335,5,15,Wednesday,19,39,Female,45027.57024045345,Savings,0
T00141,962.8228219926901,5,139.14393474188307,12,12,Saturday,13,24,Female,27843.563048875185,Savings,0
T00142,259.2644728671105,2,304.39861455722445,17,3,Sunday,2,40,Female,62145.37328403307,Savings,0
T00143,502.2760208334616,8,258.7696190097513,6,17,Friday,22,58,Female,24567.92627561411,Savings,0
T00144,307.86952671860195,6,487.4023983341917,1,3,Wednesday,11,57,Male,28843.45330468644,Checking,0
T00145,291.9920894336929,8,323.83727271340996,5,19,Monday,7,46,Male,37551.15113569971,Checking,0
T00146,46.51807788098747,5,207.27786743906844,14,20,Tuesday,1,33,Female,57148.01999057134,Checking,0
T00147,613.4686906400979,2,101.34310319957001,5,4,Saturday,3,55,Female,54660.07458472223,Checking,0
T00148,507.6522329965729,6,118.06107293072056,1,3,Friday,13,45,Male,83975.34896022329,Savings,0
T00149,60.96396373748946,5,151.3926184780558,18,26,Wednesday,15,65,Male,79157.97231072906,Checking,0
T00150,285.8599995942453,5,162.9349976031341,16,16,Saturday,18,55,Female,54105.4635192561,Savings,0
T00151,909.1832271069871,1,432.777226028512,9,12,Thursday,1,48,Male,46696.33660605039,Checking,0
T00152,247.1662717603027,2,302.55025472713623,19,8,Tuesday,11,31,Male,45317.50272491989,Checking,0
T00153,153.44592337031085,8,285.52591011846494,5,24,Wednesday,13,50,Female,81919.60698352073,Checking,0
T00154,494.5582326747874,3,101.64599234114786,2,29,Thursday,5,26,Female,24165.79249770158,Savings,0
T00155,985.7939495694947,3,437.0628620072457,15,29,Sunday,12,44,Female,21025.731960848465,Checking,0
T00156,249.6347187963854,8,375.26643644381767,7,17,Monday,3,41,Male,83643.55135413184,Savings,0
T00157,675.4141919318198,8,80.4507628550007,4,7,Thursday,21,30,Female,58171.71007912394,Savings,0
T00158,764.0034191754304,2,368.52579375339593,1,11,Wednesday,17,43,Female,30470.491084286077,Checking,0
T00159,245.26116855247568,8,294.59219780419073,13,18,Wednesday,11,46,Male,38845.2747675601,Savings,0
T00160,730.934185125741,1,86.77640558605022,7,1,Sunday,19,68,Female,94600.3162477906,Savings,0
T00161,374.1053013920607,6,256.2352886878954,15,3,Monday,21,66,Male,88760.23804999184,Checking,0
T00162,635.9827722876437,8,268.1133292085211,14,4,Thursday,20,60,Male,76782.8040179178,Checking,0
T00163,637.1944136532858,3,124.59854307347409,19,13,Thursday,18,45,Male,58578.01842698613,Checking,0
T00164,540.4169372340109,8,475.56416615012705,18,6,Monday,7,45,Male,61625.89009531086,Checking,0
T00165,99.38687235386422,1,432.4889171662979,10,26,Thursday,6,25,Male,98019.56282271669,Checking,0
T00166,836.9494706333456,9,351.06005179809875,9,14,Saturday,15,40,Male,97261.63551074297,Checking,0
T00167,327.5722643220185,9,258.0330024502732,8,5,Monday,18,46,Female,37221.52366286674,Savings,0
T00168,194.6533252958557,5,235.29449371302883,10,16,Tuesday,5,22,Female,84888.36530442545,Checking,0
T00169,50.367390139216276,4,342.9380602179294,17,15,Wednesday,19,59,Female,35779.413293361344,Checking,0
T00170,594.9840137563594,6,295.4443412331075,2,15,Tuesday,20,24,Male,37082.99823071611,Savings,0
T00171,680.7887182238596,7,78.02289764684852,6,4,Saturday,10,59,Female,74087.44273316614,Checking,0
T00172,26.42195063857759,5,280.62619194664927,5,8,Sunday,4,53,Male,52400.08788700387,Savings,0
T00173,516.9721277162882,9,412.88162775477775,9,27,Saturday,15,58,Female,94523.55256852161,Checking,0
T00174,234.23081744595856,3,256.65794491863113,5,16,Friday,6,44,Male,27120.778791680706,Checking,0
T00175,648.7210625053553,7,73.38045989942079,18,28,Friday,4,63,Female,60922.051264759444,Savings,0
T00176,182.62276471494152,5,403.8251897228149,9,16,Friday,10,19,Male,93481.7224354497,Checking,0
T00177,694.0283607214413,7,140.61370196118847,17,4,Monday,14,42,Female,92329.09283836042,Savings,0
T00178,392.86799283753203,2,166.37937569961747,17,13,Thursday,2,26,Male,32522.337073259296,Checking,0
T00179,937.3626888493671,4,124.11785904453315,12,26,Saturday,4,44,Female,49331.01600771652,Checking,0
T00180,146.1457347045333,2,198.5967791921739,7,28,Tuesday,22,18,Male,69529.71200373571,Savings,0
T00181,347.65568753975595,7,390.53817755988575,3,13,Sunday,20,40,Female,32751.590781712177,Checking,0
T00182,122.33878602818318,2,283.7236367767718,10,2,Tuesday,4,27,Female,97441.77376365909,Checking,0
T00183,925.4466820957772,1,142.19657336782063,2,3,Tuesday,8,59,Female,93179.94629821283,Savings,0
T00184,878.5659598471713,9,445.0235351684184,3,22,Tuesday,14,69,Male,33356.01432275753,Checking,0
T00185,265.362211438004,1,445.81183472818816,16,8,Sunday,2,42,Male,29692.436900878834,Savings,0
T00186,663.3842055738372,8,441.76029127070314,2,24,Friday,5,20,Male,26832.678624661225,Checking,0
T00187,819.0499781992037,2,157.4582951216927,10,15,Tuesday,16,23,Male,92755.4931229305,Savings,0
T00188,559.6488034834678,8,253.05770488144464,6,11,Sunday,20,23,Male,35489.90478363686,Checking,0
T00189,534.3540725724464,3,493.2453452633938,11,9,Sunday,7,19,Female,53302.79428354838,Savings,0
T00190,249.43376799144716,6,397.4056143394957,7,7,Thursday,20,35,Male,55908.10925216024,Savings,0
T00191,102.17174012784022,3,62.22533955150192,15,13,Sunday,10,40,Female,67920.8835370854,Checking,0
T00192,898.2436003737935,7,79.34206606722142,6,2,Friday,5,19,Female,25738.827499793995,Checking,0
T00193,901.4138765916972,9,258.7691195655498,9,8,Tuesday,7,29,Male,38140.68939204128,Savings,0
T00194,636.7704427005352,2,459.1490926377021,12,7,Sunday,9,39,Female,94519.23095351408,Checking,0
T00195,345.63949313821365,5,292.4158090787214,19,24,Monday,23,54,Male,92672.80858148556,Savings,0
T00196,355.7174788665343,6,274.0156286154306,3,12,Sunday,2,37,Male,82503.25179245538,Checking,0
T00197,728.6961220815369,4,97.46316498048375,15,19,Wednesday,22,56,Male,21552.099649457236,Checking,0
T00198,898.1391573530514,4,345.5510471259323,2,7,Wednesday,13,41,Female,46160.54147968817,Savings,0
T00199,888.2155600224661,4,419.9464222701015,2,10,Wednesday,22,65,Male,70236.69882743261,Savings,0
T00200,782.0767903990476,2,221.18900337840304,3,29,Sunday,13,37,Male,42015.216941878054,Checking,0
T00201,645.6113296927449,4,399.02533291639736,6,25,Friday,9,18,Male,92766.93560430218,Checking,0
T00202,93.29856534509834,1,484.0144942553652,15,16,Tuesday,11,18,Female,70711.15694659535,Checking,0
T00203,170.01242695366764,6,141.6949066074601,10,3,Saturday,5,34,Male,25752.53738531565,Checking,0
T00204,899.5686466418084,1,285.4983340376336,9,10,Saturday,11,18,Female,92720.44710685624,Checking,0
T00205,610.364769062994,6,179.212081138059,1,6,Saturday,22,69,Female,96621.3326540978,Savings,0
T00206,19.10508110046335,1,406.7844885652277,16,18,Friday,13,62,Male,26216.99347133804,Checking,0
T00207,110.45682743737179,6,309.9170146465209,6,18,Thursday,1,47,Female,62588.81878890519,Checking,0
T00208,666.8667514169753,8,335.5620878976367,9,5,Monday,8,58,Female,44269.142577133636,Savings,0
T00209,15.0109680077565,2,409.06137182715236,4,21,Monday,9,64,Male,51427.12611851219,Savings,0
T00210,169.19997090332367,2,228.18671269810469,2,29,Wednesday,16,20,Male,34372.09743642735,Savings,0
T00211,553.2464514729203,4,461.79053078316946,4,7,Wednesday,16,63,Male,66245.768160993,Checking,0
T00212,694.9762457157664,3,289.862990260763,1,28,Sunday,2,28,Female,96638.34825991125,Savings,0
T00213,655.4416469075745,4,121.07967027590661,19,2,Saturday,18,41,Male,60245.80802172872,Savings,0
T00214,232.0266163659542,7,363.1546031759611,10,11,Sunday,0,39,Female,26633.16651155849,Savings,0
T00215,715.0574291340605,1,406.9676076972145,15,13,Saturday,11,61,Female,69600.10667819268,Savings,0
T00216,244.87659662183208,6,192.542754680387,19,23,Wednesday,6,62,Female,47217.83955610056,Checking,0
T00217,332.14570117767505,3,435.73066564943883,16,5,Tuesday,3,43,Female,88474.01516730382,Checking,0
T00218,749.0264910668438,7,457.7644646445949,4,6,Thursday,9,30,Female,54774.251865317616,Checking,0
T00219,653.1365700567425,2,174.60701932001402,2,24,Sunday,12,18,Male,35427.16871537965,Savings,0
T00220,850.7311763892361,2,492.58466272184995,13,26,Thursday,1,41,Male,35288.4498152916,Savings,0
T00221,661.03676337734,4,113.32018762194129,1,29,Thursday,9,27,Female,81501.13445769282,Savings,0
T00222,572.6255173021169,1,140.9070507811205,17,14,Thursday,20,52,Female,41247.00786458879,Savings,0
T00223,102.73802014981155,3,132.90117765711176,13,12,Wednesday,21,41,Male,81378.67153273785,Savings,0
T00224,374.0386450288392,9,452.2953695035417,4,4,Monday,3,45,Male,36470.98486132795,Savings,0
T00225,272.5503440049082,7,344.43164854623285,7,29,Wednesday,17,53,Female,45734.90949610475,Checking,0
T00226,251.54974694529275,7,118.4469274500228,17,23,Thursday,4,33,Female,57238.95779517595,Checking,0
T00227,973.2804492049211,4,248.14553826575704,9,6,Wednesday,18,57,Male,95455.66797547606,Savings,0
T00228,399.1667474200928,2,326.8841112814109,4,10,Thursday,1,33,Male,94538.51398030597,Checking,0
T00229,893.1260896253422,4,87.55883824522249,19,18,Friday,11,34,Female,36549.75003378303,Savings,0
T00230,634.8272397372903,6,447.0873657833024,1,15,Saturday,16,68,Male,48657.52329944582,Savings,0
T00231,796.863190506232,3,411.6215909486908,10,8,Monday,9,32,Male,31951.951076301786,Checking,0
T00232,507.61072217414016,1,277.3430481094872,4,26,Friday,1,33,Female,60798.80634507977,Savings,0
T00233,581.1348457800955,8,485.2069768666267,9,9,Tuesday,5,32,Female,56846.60405557333,Checking,0
T00234,497.59251688067525,5,237.99244067379487,13,5,Wednesday,7,51,Female,92060.8129960586,Savings,0
T00235,203.29055792006406,5,492.849643566424,14,10,Tuesday,18,28,Male,94400.4302232858,Savings,0
T00236,725.2275941088902,4,350.5639994616322,10,20,Sunday,10,18,Female,50685.39128058337,Checking,0
T00237,287.96463881644723,6,335.60207296427365,6,6,Wednesday,11,32,Male,59339.035441519154,Savings,0
T00238,34.0728067671393,3,124.67970288310325,16,16,Saturday,8,43,Female,91698.89993169064,Savings,0
T00239,649.0175729480961,9,446.8674912370898,6,24,Friday,1,68,Female,84536.62461960492,Savings,0
T00240,185.33957261297846,5,242.3703595642768,17,27,Saturday,7,21,Male,20292.504907571943,Checking,0
T00241,941.0539985093851,3,123.0050326021157,10,3,Sunday,10,60,Male,45604.765134686604,Savings,0
T00242,954.3892912325615,1,55.67338398909157,18,10,Thursday,20,22,Female,53741.93935489007,Savings,0
T00243,915.715746318244,6,301.89005763727215,18,11,Saturday,3,52,Female,38377.30269465854,Savings,0
T00244,376.45711325288994,2,287.32982995520433,3,11,Saturday,9,30,Male,35965.729271675096,Checking,0
T00245,25.302050363578754,3,373.70913006612136,15,17,Thursday,20,27,Female,23022.760527654373,Checking,0
T00246,929.0353769618481,1,450.61612385801095,15,4,Wednesday,19,28,Male,71469.57800558084,Checking,0
T00247,433.9023068341412,9,85.73296308936328,4,4,Thursday,15,35,Male,41000.82323865325,Checking,0
T00248,966.9882708532328,8,379.1734206531631,9,17,Friday,7,51,Female,24187.77427450505,Checking,0
T00249,963.9837773183604,2,134.335374843912,19,9,Saturday,3,56,Male,38478.34484224509,Savings,0
T00250,854.4793609126865,8,436.1796739207238,17,19,Thursday,9,58,Male,84153.11622689012,Checking,0
T00251,301.5044031488898,9,418.57858123774525,11,5,Sunday,11,59,Male,88119.13453172373,Checking,0
T00252,391.246751315906,1,293.357189743495,9,22,Sunday,13,67,Female,58645.29961546421,Savings,0
T00253,852.6253048016883,5,369.6092593804902,10,24,Saturday,15,40,Male,53285.65363269489,Checking,0
T00254,323.75278510471486,8,191.4575509326868,18,6,Friday,21,24,Female,98228.29548014254,Savings,1
T00255,177.79781921923157,2,262.0255545197666,13,3,Tuesday,17,56,Female,36045.172767045595,Checking,0
T00256,561.2332498337666,4,419.73660396971223,8,22,Friday,20,20,Female,37228.74262836868,Savings,0
T00257,936.7932264191732,7,256.6693387279463,7,1,Monday,21,29,Male,43349.374162911976,Savings,0
T00258,699.0694987082233,3,211.0092193964488,17,20,Monday,20,24,Male,33820.58546248698,Checking,0
T00259,574.3605583884713,5,272.39560126263495,15,22,Monday,11,66,Female,50349.24785633493,Checking,0
T00260,106.20472883306086,8,422.71216359674827,15,16,Saturday,17,43,Female,92866.7381591803,Savings,0
T00261,618.857154432178,3,200.84362131689272,1,23,Sunday,6,50,Male,69227.82725028595,Savings,0
T00262,990.1533116032207,4,128.1927169110847,14,11,Wednesday,19,54,Female,52955.72388898109,Savings,0
T00263,148.6831750841588,9,370.40630914885134,5,13,Sunday,23,65,Female,94752.86356569719,Savings,0
T00264,523.1463558400993,7,421.6901957186368,11,27,Wednesday,22,32,Male,23877.138598065787,Savings,0
T00265,878.5993412086759,1,95.28686533559,16,10,Wednesday,6,19,Female,36822.09423214891,Savings,0
T00266,743.3609315766624,4,157.9433507401751,2,3,Sunday,8,58,Male,65271.08840814072,Savings,0
T00267,700.0455835853153,4,113.88739539244725,8,9,Saturday,0,24,Male,69244.20985545433,Checking,0
T00268,705.4592431472382,9,206.573635211975,11,28,Friday,5,49,Female,23164.600525009053,Savings,0
T00269,365.89623970755764,6,252.65794050743568,18,12,Wednesday,5,21,Male,52243.100632570575,Checking,0
T00270,300.6559258218484,9,386.9718516334879,3,23,Tuesday,21,37,Male,71932.31718646982,Checking,1
T00271,811.2675439237285,6,343.0164131967534,1,14,Sunday,11,67,Male,75845.64371227213,Savings,0
T00272,812.012260732389,6,329.41785536529403,11,1,Sunday,21,53,Female,71051.19220130154,Savings,0
T00273,868.4015953943026,5,208.5687259743445,16,18,Monday,11,49,Female,45645.05794887396,Checking,0
T00274,914.1081470309066,5,428.65139888814196,18,17,Friday,9,45,Female,27481.60988783276,Savings,0
T00275,516.2289748723284,2,262.07922532917405,16,27,Monday,22,30,Male,54168.99571354673,Savings,0
T00276,506.5011317403276,8,490.5972221068195,10,9,Sunday,5,18,Male,30300.354989444437,Checking,0
T00277,800.3122271771074,8,335.36396223308157,18,9,Sunday,16,52,Female,95809.89268165336,Checking,0
T00278,653.4642914699875,1,106.81913370402623,6,23,Wednesday,18,65,Female,58013.66928181026,Checking,0
T00279,704.9472084851263,8,354.2799029339453,19,10,Friday,17,47,Male,45380.7339485494,Savings,0
T00280,797.83474274174,5,196.29680694426455,4,19,Thursday,5,53,Female,81304.32568951201,Savings,0
T00281,891.1052883993906,2,358.8472385087438,13,29,Tuesday,23,42,Female,59835.88740658111,Checking,0
T00282,344.61520528302043,2,81.33851667308258,14,15,Wednesday,18,33,Female,44802.721920996,Savings,0
T00283,381.8271231135446,6,128.69664672918174,3,5,Sunday,9,36,Female,84957.41939126413,Checking,0
T00284,103.04212044246032,9,435.08176650760385,10,15,Wednesday,23,18,Female,89372.17208008976,Savings,0
T00285,582.4973395862122,1,152.2308006605817,6,20,Tuesday,7,22,Male,73840.65330309415,Checking,0
T00286,45.582851058774665,6,426.66850635932303,1,23,Sunday,20,68,Female,23757.153792613382,Savings,0
T00287,470.94203795113555,9,175.6742398044847,14,25,Tuesday,23,39,Female,65305.83041332257,Checking,0
T00288,547.2181883605009,8,339.2968595264184,8,28,Thursday,5,41,Male,81063.59295978253,Savings,0
T00289,293.67583960700154,6,362.36775807942394,19,2,Wednesday,20,60,Male,30920.24096668657,Savings,0
T00290,594.9249279633207,3,280.6946389152738,14,13,Saturday,6,62,Male,38293.660110768265,Checking,0
T00291,40.195247439658935,8,187.38980451352907,10,24,Wednesday,23,69,Male,90599.60840545091,Savings,0
T00292,46.974706861722275,9,145.68996936699324,17,16,Monday,0,54,Female,21609.737748245923,Savings,0
T00293,824.3745550530617,1,64.9352095530918,9,15,Friday,17,53,Female,80218.17102607808,Checking,0
T00294,366.58873499715025,9,186.77588055832572,6,25,Friday,23,53,Female,57901.86340115383,Savings,0
T00295,135.78990752536595,6,343.9232557390774,11,10,Monday,19,21,Female,55741.77270716855,Savings,0
T00296,527.0208274542563,6,472.2371683018172,7,14,Sunday,11,53,Male,20567.722599590976,Savings,0
T00297,772.2936175676248,4,442.04201701837343,17,10,Friday,15,69,Male,85551.85847731942,Checking,0
T00298,223.66281722187475,1,394.72914944088615,1,25,Tuesday,9,35,Female,48785.99205092531,Checking,0
T00299,626.6615710608103,8,404.8013044639844,5,14,Friday,9,67,Female,63261.25050404343,Checking,0
T00300,94.49399034383032,2,349.24320656419786,9,26,Friday,13,33,Female,74184.05490685275,Checking,0
T00301,61.16490395692162,1,167.12908590470136,18,23,Monday,19,58,Female,76210.36611503326,Checking,0
T00302,536.0410852524665,2,458.23776381762343,2,9,Sunday,9,35,Male,96478.40470608578,Savings,0
T00303,545.2287703940054,1,351.8295403576253,11,25,Thursday,9,39,Female,62507.19625892873,Savings,0
T00304,641.0556024832244,1,302.198283941198,6,14,Friday,10,19,Male,51977.5640779542,Checking,0
T00305,728.8304203854349,9,99.94526114606649,8,3,Saturday,22,38,Male,96296.29011933663,Savings,0
T00306,976.0935586679093,1,251.17499471289145,4,20,Friday,1,53,Male,71368.81880204169,Savings,0
T00307,521.1373448181834,4,257.16122204086685,18,16,Thursday,19,61,Male,43852.02850212445,Savings,1
T00308,329.7269082118335,6,439.05362428520147,11,2,Monday,7,56,Female,30117.139632285693,Savings,0
T00309,797.2343328210167,7,295.99169908450483,5,10,Thursday,22,64,Female,87404.3601172145,Checking,0
T00310,278.12392874945346,2,221.18024703668434,15,3,Monday,6,56,Female,48974.52822353212,Checking,0
T00311,444.58170649857976,6,489.5601478297967,18,11,Tuesday,7,46,Female,72837.57770915449,Savings,0
T00312,87.67181752884329,7,99.82426699684206,2,11,Monday,0,43,Male,57665.31354927185,Savings,0
T00313,35.09723598130294,2,240.14679274037508,11,21,Tuesday,20,38,Male,35914.382383603064,Checking,0
T00314,963.0219305311458,2,68.91110382713238,13,21,Tuesday,1,34,Male,68134.9286896372,Savings,0
T00315,837.6203193070837,7,382.95685434511864,4,22,Monday,17,33,Female,24854.645516054585,Savings,0
T00316,699.014464032761,1,463.1344484896178,7,13,Saturday,14,48,Male,53067.396789695376,Savings,0
T00317,414.86341497012717,8,176.01679829772024,11,7,Wednesday,0,68,Male,63729.195173093685,Checking,0
T00318,181.5613768701373,3,436.2537545596044,4,23,Monday,4,26,Male,54883.757929486324,Checking,0
T00319,164.8726722443752,6,181.498203707854,15,17,Friday,1,48,Male,79893.77402007926,Savings,0
T00320,257.74046918294937,9,459.8465727397618,1,2,Saturday,19,31,Female,86233.996363625,Savings,0
T00321,553.7343980590592,6,389.2828566185528,3,12,Saturday,2,66,Male,81699.44592265424,Savings,0
T00322,717.4499634730618,9,412.2080495786474,14,25,Friday,18,54,Male,23105.03582494417,Savings,0
T00323,663.595402950554,7,58.102950020204524,6,10,Wednesday,17,19,Female,35530.30163567778,Savings,0
T00324,287.1345579764834,9,483.26466068331166,18,18,Saturday,21,69,Female,62928.600741101945,Savings,0
T00325,955.3166278565621,2,377.0019464316455,1,22,Tuesday,17,65,Female,94785.7632355041,Checking,0
T00326,740.5179475288109,8,187.13799292375998,6,27,Wednesday,13,63,Male,86796.54200416934,Checking,0
T00327,558.8105119862867,8,423.22759918648114,6,11,Sunday,23,31,Male,87402.76066814414,Savings,0
T00328,615.6035387720087,2,176.68453928671846,16,16,Friday,7,50,Male,44256.655500773995,Checking,0
T00329,425.40406180351204,4,442.7392278047576,5,17,Wednesday,11,52,Male,54355.83176629621,Savings,0
T00330,255.25367960614588,7,100.66117568537166,17,19,Monday,20,56,Female,57656.47578527499,Savings,0
T00331,362.41295186474895,4,366.65868985735807,10,18,Wednesday,9,64,Male,32589.726667992833,Checking,0
T00332,760.2676493597254,4,293.31431449020965,18,3,Tuesday,22,68,Male,22485.450419556506,Checking,0
T00333,24.24955374345831,6,93.44051158794836,7,21,Monday,19,37,Female,95752.23195684135,Savings,0
T00334,124.91191410184707,6,158.85222271647754,3,27,Thursday,16,19,Female,39257.00685308054,Savings,0
T00335,55.54261560153522,3,55.58181632479165,13,26,Friday,10,68,Female,39195.91229789051,Checking,0
T00336,50.32151429578043,9,260.9455844590276,15,16,Friday,1,58,Male,26670.32430150076,Checking,0
T00337,856.9059781708971,2,185.56936734200016,19,6,Wednesday,3,36,Male,94280.62015550229,Savings,0
T00338,706.6212807862235,6,319.26086793399145,3,25,Saturday,0,54,Male,66378.96919518177,Savings,0
T00339,479.4320907964519,7,183.75701346887774,4,12,Monday,14,35,Male,73362.94857002831,Savings,1
T00340,106.85581904449147,9,184.9636001781431,5,11,Thursday,12,33,Male,92926.15098104421,Checking,0
T00341,496.699716365664,3,384.4369394292215,1,15,Monday,7,21,Female,47649.61351206316,Savings,0
T00342,478.73705307276003,3,71.66427619025905,4,15,Friday,3,29,Female,69720.58489104673,Checking,0
T00343,181.46985121091504,7,456.30274783639425,12,16,Monday,9,46,Male,23103.956378311,Savings,0
T00344,439.5131327455933,4,433.51874347603166,10,10,Thursday,18,24,Male,34941.802258490345,Checking,0
T00345,404.5196870533997,8,350.5121074518829,13,12,Saturday,17,31,Male,86499.6644071954,Checking,0
T00346,619.6915970716943,7,316.9497065483229,14,28,Wednesday,4,29,Male,81341.46850706686,Checking,0
T00347,638.7427143589673,5,451.5361241628435,5,13,Tuesday,18,52,Male,48051.41531657175,Checking,0
T00348,54.85096967432407,7,133.3985807879215,4,4,Monday,22,22,Female,50144.850221937,Savings,0
T00349,380.8664884802065,3,85.53612298587288,14,7,Tuesday,21,34,Female,62684.35468428636,Checking,0
T00350,629.601316557094,2,157.77957645929214,10,22,Friday,15,59,Female,20019.280374810765,Checking,0
T00351,508.10489599428684,6,407.5602254150856,17,2,Wednesday,0,49,Male,39299.54688304223,Checking,0
T00352,857.924942776439,2,65.60162002691749,10,26,Sunday,11,27,Male,36658.54468865716,Savings,0
T00353,662.1066953027556,3,312.26307578757036,7,27,Wednesday,23,60,Female,40038.63573998108,Savings,0
T00354,171.3050828106154,6,497.9468822860895,16,27,Monday,1,34,Female,84472.4674026753,Savings,0
T00355,79.86305992642555,5,435.0632422268927,1,27,Saturday,20,22,Male,42373.90852371545,Savings,0
T00356,645.9950854242525,8,284.65056006961527,17,15,Wednesday,7,62,Female,35321.70576401185,Savings,0
T00357,36.24619743620559,9,78.63840917898905,9,8,Monday,17,59,Female,60341.07686344252,Savings,0
T00358,589.9178254607286,3,424.1180814735694,6,7,Monday,15,26,Male,89251.60290981855,Checking,0
T00359,940.8279390107081,3,319.54032867974473,19,15,Tuesday,4,66,Female,39307.97630699999,Checking,0
T00360,579.7194360971201,3,101.71984867680507,13,23,Wednesday,21,50,Female,26282.899423423896,Checking,0
T00361,394.2882269444567,6,92.23577817051029,3,14,Monday,12,53,Female,48512.37886797318,Savings,0
T00362,646.8553362579296,1,459.3320687464666,7,8,Tuesday,18,53,Male,79812.14596519823,Checking,0
T00363,463.6703615866015,7,351.1401183221353,9,28,Thursday,2,35,Female,64055.24357558357,Checking,0
T00364,550.1606214227755,1,423.17905969253997,5,12,Sunday,7,26,Female,85343.4695659478,Savings,0
T00365,942.0501606887599,5,445.5405051270203,10,13,Tuesday,11,46,Female,96767.37180873871,Checking,0
T00366,392.2416114227665,8,307.297558421745,17,11,Tuesday,1,67,Male,83412.99814012936,Savings,0
T00367,961.5786581856751,4,282.85085828976855,12,17,Monday,10,31,Male,68304.24630750027,Checking,0
T00368,906.2971355365031,5,243.6923346444456,16,29,Friday,11,42,Female,59467.32704419044,Savings,0
T00369,203.83322344140348,4,192.62596450600367,3,17,Friday,17,32,Male,23205.526907861335,Savings,0
T00370,78.6676878664138,4,245.5681823864203,9,24,Saturday,12,23,Female,98745.7583051233,Savings,0
T00371,109.77022136365238,8,398.24584507857037,15,4,Friday,4,59,Male,50678.4898060034,Checking,0
T00372,28.03960739503423,2,320.86554395680923,5,21,Tuesday,21,46,Male,32178.257113349344,Checking,0
T00373,103.49853114836911,1,451.6354804796807,13,8,Saturday,11,32,Female,73336.70843171654,Savings,0
T00374,686.1767056821933,3,249.5210064706345,14,5,Monday,1,46,Female,42743.06312763675,Savings,0
T00375,80.4767619756267,9,323.1903104234393,15,26,Wednesday,4,21,Female,66862.2616744838,Checking,0
T00376,325.7858739908237,4,334.08839889139495,16,16,Sunday,6,35,Male,66941.4326275673,Checking,0
T00377,846.42655785976,5,316.2637230378465,13,4,Sunday,23,67,Female,55658.38567222953,Savings,0
T00378,33.03921637846761,2,366.1851978884824,17,28,Tuesday,11,66,Male,86889.48924360341,Checking,0
T00379,816.3237977630464,4,156.84506076866282,8,22,Tuesday,15,61,Male,41197.364924435446,Checking,0
T00380,289.03622702566594,2,280.5636998956058,2,29,Saturday,22,56,Female,55890.60732941873,Checking,0
T00381,126.9831793454397,2,96.90116126375645,5,15,Monday,7,33,Male,63015.37028727772,Savings,0
T00382,699.7697937105091,4,223.03009744016566,6,12,Thursday,8,28,Female,73089.97766138398,Savings,0
T00383,632.6534183120851,6,269.45018087956896,12,5,Tuesday,14,31,Male,82717.74804044716,Checking,0
T00384,878.6972933917824,7,343.5009167954626,18,23,Thursday,4,20,Female,51584.582630260484,Savings,0
T00385,737.720333365847,3,477.73897366379157,1,16,Thursday,12,68,Male,71683.75552772768,Checking,0
T00386,805.4461210810001,3,320.29297994676017,17,14,Friday,4,67,Male,32048.87624548153,Checking,0
T00387,289.21422684559343,6,384.6172622794519,11,10,Monday,10,59,Female,94611.84804339829,Savings,0
T00388,185.6651483419256,3,277.81972677284125,10,7,Sunday,9,55,Male,50644.704513680284,Savings,0
T00389,753.1086041244497,2,335.34681411934906,19,13,Sunday,19,62,Female,78361.71375811507,Savings,0
T00390,808.7663918745914,8,81.91949726019804,14,20,Thursday,12,59,Male,21627.286550574212,Checking,0
T00391,990.6000905806666,5,164.47621137883112,10,28,Sunday,8,35,Male,36414.971432384555,Checking,0
T00392,418.4915001423122,1,212.83389194231242,15,29,Monday,20,37,Male,58966.60354588624,Savings,0
T00393,378.29790493485535,3,262.62200975293115,19,5,Friday,13,65,Female,90260.19741858772,Savings,0
T00394,778.6488311345769,8,70.54193547607268,4,29,Monday,17,42,Female,62180.41199605417,Savings,0
T00395,347.39550485048767,4,113.01084389899296,2,3,Tuesday,14,55,Female,94389.63858351033,Checking,0
T00396,931.449752347529,7,174.5664385060876,9,15,Thursday,9,30,Female,58703.751726623705,Checking,0
T00397,859.8286243245817,2,487.1897109054728,10,4,Monday,23,21,Female,59235.927738875995,Checking,0
T00398,434.70408710126816,7,199.10615319637284,11,15,Sunday,6,31,Male,29579.74308004255,Savings,0
T00399,753.3623571135824,5,266.91847615043713,14,14,Wednesday,7,50,Male,84212.49953217758,Savings,0
T00400,756.9974453438356,5,138.2439707322768,7,20,Monday,2,45,Female,39757.232997365005,Checking,0
T00401,112.09263014757329,6,324.8510319840957,15,19,Thursday,14,69,Male,91968.9991497852,Savings,0
T00402,903.527377612771,9,176.30744698218842,19,13,Friday,15,54,Male,92865.9376264317,Savings,0
T00403,510.1998487233786,6,143.14666029729204,15,10,Sunday,3,25,Male,95464.80894993198,Savings,0
T00404,828.1928914466642,8,282.4576828006906,8,21,Friday,20,61,Male,61618.4391282472,Savings,0
T00405,326.8491050203056,7,52.47760962218937,11,5,Thursday,5,51,Female,74167.50278269155,Checking,0
T00406,896.5679962112384,9,53.448814692151394,9,27,Sunday,0,61,Male,82281.27040493308,Savings,0
T00407,395.3096619468215,4,148.580964095836,15,23,Tuesday,3,22,Female,30481.169492037247,Checking,0
T00408,20.729274965495378,2,66.52461312536951,1,20,Sunday,10,22,Female,68076.57559979978,Checking,0
T00409,906.328156655071,7,98.61158935881112,1,29,Tuesday,11,48,Male,22743.832104264933,Savings,0
T00410,100.37381001827222,6,202.48729220243823,19,20,Friday,4,62,Female,59805.28667109807,Checking,0
T00411,326.12050121451074,1,411.1635558109158,3,25,Friday,22,26,Male,32387.414529618192,Checking,0
T00412,950.5613473802969,9,307.4218895161854,10,6,Thursday,20,59,Male,34633.83407696678,Savings,0
T00413,951.1010754681805,9,280.7004766803874,8,4,Tuesday,15,49,Male,49203.80533540812,Checking,0
T00414,577.7035092420532,2,182.06997044365474,15,2,Friday,12,50,Female,54594.97333732024,Checking,0
T00415,635.5188400481013,3,469.28917374476737,10,22,Tuesday,12,20,Female,69853.79396257497,Checking,0
T00416,453.96106675853656,5,228.65676855673624,1,16,Friday,16,47,Female,25954.273475081252,Checking,0
T00417,300.27866398108387,5,89.19174505809717,18,18,Sunday,6,67,Male,60295.34089899557,Checking,0
T00418,335.3778999162168,1,327.6799322530106,2,5,Monday,7,29,Male,34610.01042024809,Checking,0
T00419,675.7932715162681,8,101.22727706447063,19,22,Wednesday,12,46,Male,65918.01400253935,Checking,0
T00420,754.8507841433033,8,205.35041426076143,13,4,Sunday,22,20,Female,70992.36898089468,Checking,0
T00421,793.66325328859,4,278.335372423014,1,13,Saturday,15,43,Male,64536.740524228306,Savings,0
T00422,791.7219613666083,7,443.4001361083291,2,19,Monday,3,47,Male,79063.6408382646,Savings,0
T00423,100.29404201820347,3,272.0959611530534,16,23,Saturday,7,26,Female,46848.73953927211,Savings,0
T00424,499.4761016555557,6,366.0164447142489,15,2,Friday,15,43,Female,81208.52733065047,Checking,0
T00425,66.98317241647784,9,496.7675775495817,13,13,Wednesday,20,19,Female,54621.36653665549,Checking,0
T00426,554.0335935004982,1,109.17010395409173,16,11,Wednesday,9,20,Male,58734.75986580775,Checking,0
T00427,447.1151963596432,5,173.62918648378377,17,22,Friday,11,63,Male,71848.1701808857,Savings,0
T00428,888.8271409307167,4,227.55923401894088,7,29,Friday,11,21,Male,21468.670719937916,Savings,0
T00429,357.4058624265579,8,239.82268034247411,17,4,Tuesday,4,42,Female,72319.53771361987,Savings,0
T00430,125.8963462633298,1,234.95948386949559,7,22,Friday,15,68,Female,69486.81192576923,Checking,0
T00431,151.5617652323075,9,458.4249511504497,13,20,Thursday,0,30,Female,44787.76934026239,Savings,0
T00432,763.8955254002975,6,371.31469001008537,5,20,Friday,8,56,Female,26863.54279195916,Savings,0
T00433,622.0358826830984,4,323.5573463408167,17,15,Thursday,11,61,Male,27274.835993043293,Checking,0
T00434,110.11144936156234,9,189.21772303825193,3,4,Friday,4,52,Male,93857.89975881828,Savings,0
T00435,93.26573805384746,5,420.7056728995826,7,9,Tuesday,21,40,Male,75142.34569806697,Checking,0
T00436,703.9594401445288,5,479.777230168245,17,7,Thursday,19,26,Male,30168.20910165923,Savings,0
T00437,82.03537630055159,5,419.53922714760193,7,19,Monday,21,19,Male,48537.8535447125,Checking,0
T00438,823.6414586974527,1,50.70429733616281,1,19,Thursday,23,58,Male,67398.63951212772,Checking,0
T00439,709.1798048849313,1,336.38061658253315,17,6,Sunday,2,61,Male,86845.7364072519,Checking,0
T00440,90.53529283548076,8,73.01092164894533,17,6,Tuesday,4,48,Male,23492.874297040682,Checking,0
T00441,93.98933694434,8,165.92324915017485,11,20,Saturday,1,61,Female,38930.650517600705,Checking,0
T00442,986.7731827161637,6,76.78611515649726,3,15,Thursday,13,64,Female,91179.91922363041,Savings,0
T00443,380.5280877985591,4,321.70795382722446,15,15,Sunday,1,19,Male,20733.24401470532,Checking,0
T00444,376.935725596222,2,358.9654610716731,11,25,Sunday,12,49,Female,36111.92822351099,Checking,0
T00445,814.6715715849275,2,101.5194371296573,16,20,Sunday,6,35,Male,96721.93407783727,Checking,0
T00446,947.7760916100201,9,222.72749737024077,9,9,Friday,9,30,Male,69072.14772177368,Checking,0
T00447,986.1410531846421,5,255.30642902999392,1,4,Sunday,12,63,Female,40933.709331000515,Savings,0
T00448,755.8444034063522,4,216.07385979241246,16,18,Friday,15,22,Male,25359.28755166781,Checking,0
T00449,382.4969896756066,1,104.46125021833687,9,18,Saturday,13,59,Male,22255.30723577777,Savings,0
T00450,92.66570953168208,7,238.52650558436395,19,5,Tuesday,10,61,Male,39579.60637095418,Checking,0
T00451,779.3754467681624,3,388.0301215137882,12,20,Wednesday,9,27,Male,90518.86556711284,Checking,0
T00452,562.820207238447,6,81.95344903996497,19,23,Friday,5,60,Male,53273.09234380076,Savings,0
T00453,429.97978915450653,5,86.08100633685655,9,11,Sunday,3,42,Male,77626.66953327943,Savings,0
T00454,907.2908412437886,5,209.6470813261929,7,5,Sunday,20,51,Male,93462.80283039663,Savings,0
T00455,120.08550748308983,5,473.7765702285163,14,22,Monday,0,54,Female,52643.23692822533,Checking,1
T00456,497.6988532479506,1,350.85769102531134,19,26,Sunday,6,47,Female,35302.18968299177,Savings,0
T00457,21.240108319744877,1,355.4014805026542,19,4,Tuesday,23,24,Male,61369.43446855356,Checking,0
T00458,473.974035574185,3,212.86399587703923,2,29,Thursday,8,23,Female,92646.69496478836,Savings,0
T00459,65.74024292501898,4,317.1473560438423,9,12,Thursday,7,20,Male,84349.95313101605,Savings,0
T00460,127.6297371053912,5,54.55903281248452,13,2,Sunday,4,30,Male,25266.3874690523,Checking,0
T00461,126.35098430933384,2,336.243220884294,15,13,Monday,18,20,Male,75405.82400620655,Savings,0
T00462,652.718199094903,8,460.97912640930656,3,10,Friday,9,43,Male,65751.8017967163,Savings,0
T00463,748.5844304727691,2,325.6580607551686,11,9,Tuesday,10,41,Female,92597.05410771404,Checking,1
T00464,587.535077446188,9,443.1643670598553,14,10,Monday,14,23,Female,29798.51334802378,Checking,0
T00465,962.5508229897965,2,375.7878749597422,8,7,Friday,5,60,Female,62722.88905637253,Checking,0
T00466,381.121873728467,9,104.2512873816606,18,4,Tuesday,14,66,Female,90357.01548095139,Savings,0
T00467,292.8549654190421,7,456.1039882786288,19,19,Sunday,4,59,Male,52801.90293933944,Savings,0
T00468,869.9131369075657,8,79.8997299600987,16,10,Thursday,18,29,Female,58559.59341862937,Savings,0
T00469,231.3598801342581,2,290.2853626464937,2,3,Tuesday,21,66,Male,25636.854213356663,Savings,0
T00470,963.5903140462052,7,113.96170570705596,8,25,Sunday,18,53,Male,42251.491235912865,Savings,0
T00471,22.03292994291818,6,55.26797482890683,6,21,Saturday,9,19,Female,45960.531933515784,Checking,0
T00472,970.1800384405626,4,239.91541705743757,12,29,Wednesday,11,28,Male,95609.79589959096,Savings,0
T00473,52.728312831070355,7,182.76831844437032,15,19,Tuesday,21,56,Female,42613.38884329272,Checking,0
T00474,892.2316825610903,4,268.70022220892133,8,21,Wednesday,3,51,Female,56869.49882157216,Savings,0
T00475,532.4240979954369,2,309.73994903054785,4,2,Tuesday,17,43,Female,73704.35388514238,Checking,0
T00476,993.0351481581073,7,69.68258253902631,15,27,Wednesday,15,35,Female,32974.66979263019,Savings,0
T00477,83.05859908804487,8,105.35148280568554,17,20,Saturday,7,38,Female,58915.39097134996,Savings,0
T00478,558.3157415573075,2,301.38907840269144,13,10,Thursday,3,53,Male,79083.12315807262,Checking,0
T00479,969.609510262908,5,204.4253089276962,18,2,Friday,22,57,Female,89348.41704216528,Savings,0
T00480,527.8668657284474,1,378.1280693972516,2,2,Wednesday,11,69,Female,70100.74197299415,Checking,0
T00481,633.1046517539099,7,343.53124186637285,13,28,Saturday,1,63,Male,73524.28122535584,Savings,0
T00482,698.791202094771,8,430.52196334545806,13,24,Wednesday,3,61,Female,30102.677806765518,Savings,0
T00483,459.9956541200955,6,361.6217720011514,15,17,Thursday,4,39,Female,95662.11977970778,Checking,0
T00484,631.2824992832228,5,243.46898482556665,10,16,Wednesday,2,47,Male,30605.92619875859,Savings,0
T00485,588.4711688038692,6,352.83498007749455,3,16,Saturday,8,67,Male,81973.83497454386,Checking,0
T00486,902.1464303860791,2,173.92152841493834,19,14,Sunday,20,60,Female,41185.305742265504,Savings,0
T00487,54.99191653804329,1,187.8410744501957,3,7,Saturday,17,47,Male,94687.45149610013,Savings,0
T00488,288.15355769630804,7,405.043321964357,14,21,Monday,10,25,Female,77596.76314955836,Savings,0
T00489,950.9073692357931,7,250.88878238071197,8,11,Thursday,2,51,Male,80305.09703826951,Savings,0
T00490,891.3611460520071,2,409.27115323325864,4,24,Sunday,22,64,Female,37524.733844790666,Savings,0
T00491,461.1001852578558,2,420.0900681507253,11,1,Monday,1,26,Female,55443.19813081287,Savings,0
T00492,623.9312718235213,1,435.9030519475777,11,11,Thursday,8,68,Female,69425.0555671429,Savings,0
T00493,284.60737115132133,8,462.4858561285433,11,23,Sunday,13,37,Male,81597.88945652806,Checking,0
T00494,196.2399481265237,8,243.9433492309833,2,21,Wednesday,3,57,Female,28316.750072991166,Savings,0
T00495,469.0614208905823,1,193.49006824451249,17,4,Sunday,8,42,Male,96989.22531636227,Savings,0
T00496,359.8187057457923,8,311.98943596735126,9,7,Saturday,12,36,Female,91217.65364436449,Savings,0
T00497,587.8195507323634,9,217.0275905469324,2,26,Monday,17,22,Female,41627.88723964675,Checking,0
T00498,86.957290595335,4,320.48337506010483,15,15,Wednesday,14,28,Female,85820.81944258655,Checking,0
T00499,974.6508595895049,1,367.51363818972106,16,18,Saturday,9,32,Female,61465.913843185874,Savings,0
T00500,986.3486370348069,1,359.7822583214616,4,12,Thursday,15,25,Female,56944.518524961495,Savings,0
T00501,701.1800968795477,3,218.5487991590546,8,17,Sunday,11,36,Male,45154.728464912434,Savings,0
T00502,540.7354026806792,5,125.08709076443877,9,1,Saturday,19,40,Male,66477.4869305274,Checking,0
T00503,316.4323401234645,5,243.7382023079934,5,11,Wednesday,4,44,Male,78391.12941628782,Savings,0
T00504,815.6570695098792,9,114.16736483685894,16,28,Monday,1,57,Female,52874.63239702066,Checking,0
T00505,687.8838608283405,2,450.54366583271377,13,1,Monday,9,49,Female,70337.53544066337,Savings,0
T00506,170.9907699514424,2,205.64485733203583,7,15,Sunday,0,43,Male,75945.0336924243,Checking,0
T00507,911.8179126489041,6,119.5068862504957,17,28,Saturday,6,44,Female,76889.74536122287,Checking,0
T00508,824.3118704939372,9,61.45149195758789,3,21,Wednesday,16,36,Female,24157.28785049442,Savings,0
T00509,950.3019141590048,1,340.6200738289179,5,10,Tuesday,15,67,Female,88779.82445480535,Savings,0
T00510,728.4623133044764,9,336.60604285463444,19,7,Thursday,23,59,Male,56660.26518120384,Savings,0
T00511,617.281043976432,9,203.27187496158126,12,2,Thursday,2,46,Male,40993.28653569716,Savings,0
T00512,424.0606059277127,9,82.27034998144296,7,10,Wednesday,13,56,Male,39341.160598374525,Savings,0
T00513,933.4011985204731,5,234.3330027028544,9,24,Tuesday,9,58,Male,58641.129027516035,Savings,0
T00514,867.4032506054043,9,190.0478727785271,6,4,Monday,21,50,Male,90946.52315751674,Savings,0
T00515,54.76648340512752,4,354.70428788075424,17,12,Sunday,6,36,Female,50267.80653461175,Checking,0
T00516,36.103304752279485,2,322.60066225371065,16,19,Friday,16,54,Female,79978.05974268346,Savings,0
T00517,382.6987332092691,6,214.067177688893,3,26,Friday,5,36,Female,27745.49847897749,Savings,0
T00518,812.4477974740146,4,148.05164941474555,4,11,Sunday,22,50,Female,58084.53617208494,Checking,0
T00519,987.403368021795,6,494.61618477001633,10,8,Wednesday,21,64,Male,99334.89123141885,Savings,0
T00520,158.9127221924929,3,254.3007295382517,5,18,Tuesday,3,33,Male,81635.02422338695,Savings,0
T00521,598.1894081986138,6,359.72340610110666,10,11,Tuesday,16,40,Female,36842.27907524904,Savings,0
T00522,387.0819480647113,2,113.24883541026236,12,11,Thursday,8,24,Male,60115.31789583286,Savings,0
T00523,970.2152538364571,2,268.51536484672897,10,13,Monday,3,43,Female,38689.981091885325,Checking,0
T00524,843.6977339043516,9,62.39152394125947,13,3,Saturday,6,49,Female,52764.87418100074,Checking,0
T00525,839.9454176640264,7,277.4548030597025,11,12,Tuesday,22,29,Female,82406.72189879717,Savings,0
T00526,474.00622819702056,3,483.80783320296604,16,3,Sunday,1,25,Female,81697.9852232323,Savings,0
T00527,420.6713073142885,1,222.8930208436101,8,10,Saturday,16,22,Male,38248.03023219081,Checking,0
T00528,280.6730012113992,8,67.54820565871022,8,27,Friday,23,59,Female,93777.86545238881,Savings,0
T00529,65.81174168441785,6,63.93010591370459,8,17,Saturday,7,45,Male,67405.45462118615,Checking,0
T00530,866.0751524925026,7,224.59404197609126,13,22,Monday,22,22,Female,50393.94327696116,Checking,0
T00531,814.7719990387768,9,122.01122140843732,2,2,Sunday,14,66,Female,60154.84646246885,Checking,0
T00532,999.7204965532693,5,60.50844334768366,12,17,Monday,14,43,Female,68405.7002750195,Savings,0
T00533,996.6704687031663,1,390.29612627757956,10,16,Saturday,7,22,Female,64791.242547662834,Savings,0
T00534,559.8773885466012,7,256.3353539968508,12,2,Wednesday,15,39,Male,58912.402842894255,Savings,0
T00535,771.2975410287054,5,180.16014738769454,11,28,Tuesday,18,32,Female,60394.62432715201,Checking,0
T00536,945.3180725836038,3,455.0374323574163,15,22,Sunday,10,30,Male,34112.95283423089,Savings,0
T00537,851.1509167706373,9,102.26253209023653,16,20,Wednesday,1,45,Female,85018.63234437435,Savings,0
T00538,254.87462072576568,1,480.1634730298936,17,6,Saturday,22,50,Female,63340.82559528123,Checking,0
T00539,456.0386939569926,1,191.28502281980877,2,28,Tuesday,23,60,Female,30486.38893637625,Savings,0
T00540,137.86782099998004,1,449.78165253890654,18,25,Thursday,16,40,Male,81292.56812662224,Savings,0
T00541,954.5105169861351,3,321.3242944157577,12,29,Wednesday,15,50,Female,94595.51827018807,Savings,0
T00542,610.1128881063712,6,422.01831188366936,19,10,Wednesday,14,60,Female,95784.55193895697,Checking,0
T00543,236.3563774484281,3,492.8059234447089,18,28,Saturday,12,35,Female,49521.418592893824,Savings,0
T00544,674.9836775617981,8,179.78244701843556,17,10,Friday,14,67,Female,30841.349884860323,Checking,0
T00545,621.9469580533168,2,482.51096843341685,6,8,Saturday,3,47,Female,61471.97013064521,Checking,0
T00546,364.5810908525121,9,225.26685270608917,15,1,Wednesday,15,43,Male,29008.738347937655,Checking,0
T00547,122.42201627763274,3,223.48035713161505,3,13,Tuesday,11,33,Male,94718.99348100938,Savings,0
T00548,674.8574636368716,5,203.17419691452756,6,24,Friday,3,30,Female,34686.37018841168,Savings,0
T00549,525.1046238947554,8,293.6334233064133,3,9,Saturday,2,56,Female,40221.26879609312,Savings,0
T00550,774.5952078182829,2,119.36526943031919,1,22,Sunday,21,50,Male,52530.92215079763,Checking,0
T00551,524.9618661008734,6,299.170168411105,13,10,Saturday,16,43,Female,50653.157484730065,Checking,0
T00552,853.6596853153547,5,293.7671655845018,14,15,Wednesday,21,65,Male,83573.03139183111,Savings,0
T00553,556.3877703867407,9,392.8558156721915,13,5,Wednesday,17,18,Female,56505.34564407699,Checking,0
T00554,565.3285918200324,5,425.1424828719135,4,22,Thursday,17,66,Female,33661.460800266956,Savings,0
T00555,877.8870666317616,2,248.1986076405908,7,16,Saturday,22,55,Male,41376.79163888593,Savings,0
T00556,409.44803755027306,5,186.0499622081722,10,13,Wednesday,16,19,Female,60729.07081500176,Savings,0
T00557,142.67507616613432,4,166.7007037926925,7,22,Sunday,11,66,Male,31796.313394090794,Savings,0
T00558,38.494849550205586,7,137.58072651719237,15,25,Monday,22,23,Male,68932.45405168112,Savings,0
T00559,757.5858831168828,6,75.9414119895612,15,20,Friday,20,63,Male,65259.78452409167,Savings,0
T00560,624.10645583993,2,204.101590475621,4,18,Monday,23,67,Female,77176.18531058062,Savings,0
T00561,707.0389704182313,5,171.61146145885246,6,11,Friday,3,55,Male,95016.36923034942,Checking,0
T00562,220.83451989382164,7,484.8878236398833,5,27,Sunday,11,59,Male,92980.36488809246,Savings,0
T00563,145.00776083090207,7,300.9689718125197,12,9,Saturday,22,41,Female,95686.0494455065,Checking,0
T00564,24.399219011203108,5,206.2746675637284,1,16,Thursday,21,35,Female,39577.24776189608,Checking,0
T00565,357.081683218531,9,311.2104204471632,8,2,Wednesday,20,44,Female,30525.22453114837,Savings,0
T00566,594.0185099860868,4,112.63851560556299,1,26,Wednesday,19,58,Female,44182.13603971588,Checking,0
T00567,398.321604648735,3,249.8196871409913,5,25,Wednesday,14,25,Female,91606.81382130517,Checking,0
T00568,443.1001728034918,4,331.8054446394787,6,2,Saturday,22,45,Female,97764.27796987905,Checking,0
T00569,905.117107548811,5,270.0040243066031,3,12,Friday,15,27,Male,88745.99608563808,Savings,0
T00570,354.77291235306734,6,230.8004602944459,15,8,Sunday,4,34,Female,28801.41769020349,Savings,0
T00571,518.8495942682127,3,497.2317750048642,5,9,Wednesday,20,46,Male,95794.23984478346,Savings,0
T00572,785.8164826137316,2,446.14164296701716,14,12,Monday,14,23,Female,53868.64218806288,Savings,0
T00573,402.57735449805745,4,330.53268117174804,18,26,Wednesday,16,31,Male,20744.823260988294,Savings,0
T00574,625.8658332255948,5,306.2198125320272,16,9,Saturday,17,39,Male,55391.49925985549,Checking,0
T00575,863.7400716592778,4,329.29721592106284,6,10,Sunday,4,23,Female,23685.533574037407,Checking,0
T00576,950.0254174210656,3,140.59044852009498,14,25,Thursday,12,43,Female,63510.23369288941,Savings,0
T00577,155.60274611974756,8,227.81198446894336,8,2,Sunday,18,56,Male,47084.3221949641,Checking,0
T00578,927.3217489098795,4,67.7567898009047,7,16,Monday,12,29,Female,57874.7946875239,Checking,1
T00579,497.1951301487428,2,263.995716869072,8,20,Wednesday,17,52,Female,69053.62885944935,Checking,0
T00580,265.6619444159688,2,294.36106278094843,13,7,Wednesday,13,31,Male,89504.08766542563,Checking,0
T00581,464.5443986758787,1,152.48738124644433,6,28,Tuesday,3,39,Male,72952.12611775429,Savings,0
T00582,980.2322495326223,4,483.8129812244812,18,2,Friday,3,68,Male,54723.909478254456,Savings,0
T00583,497.6919130529409,9,459.2545749217589,2,1,Monday,19,40,Female,85554.2282936292,Savings,0
T00584,335.46409418463315,7,374.96445595515763,8,19,Tuesday,19,65,Female,92446.57100585058,Checking,0
T00585,637.0668457735585,7,290.02398294441315,11,28,Sunday,18,24,Female,29580.79731457578,Checking,0
T00586,247.74416259041115,7,441.4861218414582,1,4,Thursday,12,57,Female,62554.638204223316,Savings,0
T00587,85.10469482757728,8,108.79355472055832,6,24,Friday,11,67,Male,42760.956779395536,Savings,0
T00588,137.59092469154274,1,405.72940742369826,16,22,Monday,6,42,Female,23764.895830155794,Checking,0
T00589,136.7653805681947,8,106.16936628508174,12,27,Wednesday,11,30,Male,73483.73560911883,Savings,0
T00590,160.3836665771714,4,407.39479814723245,11,2,Sunday,20,38,Female,89021.66219673805,Savings,0
T00591,147.43890092291605,4,174.0954057131106,10,25,Monday,3,58,Female,33032.21235819152,Checking,0
T00592,644.4659973551825,4,444.690761458185,3,14,Wednesday,1,27,Male,84993.09260991204,Checking,0
T00593,190.06128355515338,6,474.81894222142904,13,2,Friday,1,26,Female,88271.65868295533,Savings,0
T00594,352.21061049062456,7,116.95818623230204,3,29,Wednesday,4,32,Female,93147.23541331867,Checking,0
T00595,897.8205258069518,6,258.2040222794271,15,15,Thursday,22,69,Male,41222.80712688419,Savings,0
T00596,479.2220238602436,1,491.4443201732083,16,12,Sunday,9,19,Female,92316.24521519114,Checking,0
T00597,670.8821611358169,8,267.533346187916,13,5,Saturday,9,42,Male,45653.020378914574,Checking,0
T00598,180.59667248961352,7,438.59638513154533,17,28,Wednesday,8,30,Male,64187.041076440226,Savings,0
T00599,200.36612862058408,6,314.92918495909396,3,20,Thursday,12,51,Male,24040.59766658257,Checking,0
T00600,50.459930103814074,6,218.89845856382084,11,29,Saturday,6,68,Male,23510.48706949949,Savings,0
T00601,177.2457124414429,5,178.6025999866416,19,7,Sunday,4,51,Female,77629.85701857624,Checking,0
T00602,285.80443564163903,6,141.4503909887393,11,24,Friday,9,52,Female,55558.398238223286,Savings,0
T00603,185.24037943397934,9,392.8091861199637,16,21,Friday,9,55,Female,40503.390029537404,Checking,0
T00604,97.81550841948506,9,223.94322807036255,3,10,Sunday,5,20,Male,35233.079681992815,Checking,0
T00605,129.4295123895948,8,280.07395799033804,6,14,Sunday,18,59,Female,73596.27926873745,Savings,0
T00606,466.1709803523985,9,271.54646600053184,14,14,Monday,20,23,Female,20032.12352202719,Checking,0
T00607,214.2703812217346,8,309.77556315490904,18,5,Thursday,7,65,Female,84471.29353574834,Savings,0
T00608,370.62716243759473,8,439.5097155310485,17,18,Thursday,0,66,Female,26339.968490394305,Checking,0
T00609,508.3830981463083,1,491.33270461254324,4,24,Sunday,16,36,Male,35319.169192649555,Checking,0
T00610,693.4908803430717,5,233.41289385821761,15,14,Tuesday,6,20,Male,50898.91162392717,Savings,0
T00611,48.91901844268795,4,422.3835149478364,11,2,Tuesday,13,35,Female,58788.69917728829,Checking,0
T00612,801.4162949199522,2,394.0375075946229,3,26,Saturday,20,56,Male,48399.609265115345,Checking,0
T00613,631.6213855959987,8,308.088028155008,3,12,Saturday,20,26,Female,45656.97319874351,Savings,0
T00614,90.94144162938319,3,480.2212146253699,16,22,Tuesday,16,69,Female,97113.28096585507,Checking,0
T00615,874.8428378657095,4,140.21353198778127,5,24,Sunday,8,29,Female,71326.37449947154,Savings,0
T00616,921.663676526495,7,99.16889463932964,10,6,Sunday,16,22,Male,21874.636429391056,Savings,0
T00617,70.46718025631512,9,434.28288512994,19,4,Saturday,4,20,Female,54414.07267554505,Savings,0
T00618,284.10887166573167,2,247.61741748518673,4,13,Wednesday,19,28,Male,90000.69597951762,Checking,0
T00619,808.1392669951307,3,431.13598439317724,19,4,Sunday,7,47,Male,44116.494912853435,Checking,0
T00620,750.7770934798218,4,451.8905923379367,11,22,Tuesday,5,21,Female,27564.50758195106,Savings,0
T00621,192.67580916281355,1,78.10591712858215,2,14,Thursday,10,22,Male,80670.78172719342,Checking,0
T00622,217.2558301033432,7,447.5591433437273,10,16,Sunday,18,18,Male,68481.1065548865,Savings,0
T00623,376.76738176346817,2,251.74357491624,11,29,Sunday,3,44,Female,65625.00062612031,Checking,0
T00624,489.6777553391111,5,279.6946200519045,16,4,Wednesday,17,45,Male,24286.124768592636,Savings,0
T00625,622.072223814993,1,331.9666299919446,19,24,Saturday,0,46,Male,31239.920783641384,Savings,0
T00626,375.2245031740747,3,466.87217302853907,11,25,Sunday,12,35,Female,69803.95169704911,Checking,0
T00627,467.90936897181643,2,58.60224249339382,14,1,Friday,13,29,Female,36625.907316706864,Savings,0
T00628,749.9962287524189,1,264.5795607430177,2,13,Monday,23,30,Male,60325.60637987395,Savings,0
T00629,46.31637086169192,7,359.4749190937523,5,4,Tuesday,0,58,Female,63590.53488235148,Checking,0
T00630,259.9125749005806,5,375.2181309642028,5,20,Friday,10,19,Female,42680.57522167516,Savings,0
T00631,716.2160900257069,1,361.63959419169856,19,18,Saturday,16,54,Male,95874.01244331943,Savings,0
T00632,896.2547693103273,6,110.49580823365483,12,6,Thursday,3,62,Male,87397.12854684601,Checking,0
T00633,516.5606676945094,5,184.72801476725655,18,3,Monday,11,33,Female,77789.88061062388,Savings,0
T00634,536.7923504126625,3,211.42198643765605,4,23,Friday,9,65,Male,26239.50931275273,Savings,0
T00635,116.10029122637829,7,411.9967434557772,17,13,Monday,5,41,Female,28490.401544721557,Savings,0
T00636,452.9382431552201,9,175.44194258654886,10,27,Tuesday,0,52,Female,59422.50766919646,Savings,0
T00637,537.2910937904729,9,144.81723374024142,6,16,Saturday,6,39,Male,32857.06793527886,Savings,0
T00638,250.04579859838236,9,480.8516085671433,14,27,Sunday,20,53,Male,98261.23708235793,Savings,0
T00639,276.55079863988715,2,53.98847830106101,11,5,Thursday,15,28,Female,32681.618722192754,Savings,0
T00640,383.5113214735764,3,499.0193850568902,11,4,Saturday,23,63,Female,58997.42683711792,Savings,0
T00641,29.870485799949105,7,354.56958448582805,18,21,Monday,13,46,Female,49129.68454732043,Checking,0
T00642,328.8583739273465,5,422.8111847521027,18,8,Friday,22,52,Female,71150.91371632784,Savings,0
T00643,219.3335269265792,2,182.57872835578692,11,19,Tuesday,19,65,Male,30322.912711153993,Savings,0
T00644,334.2223786561355,3,56.44187495017699,12,14,Tuesday,19,32,Female,54425.31424339127,Checking,0
T00645,128.5645105010587,6,382.04128335268854,5,7,Saturday,5,48,Male,41976.40262457149,Savings,0
T00646,891.622007932496,7,425.3650686503041,9,14,Sunday,21,59,Male,91020.12197373505,Savings,1
T00647,597.6565290185082,9,383.2142593790836,9,6,Friday,4,58,Female,23246.856970775607,Savings,0
T00648,682.3112959530447,1,114.28262928537737,10,12,Sunday,23,60,Male,93098.19952051673,Savings,0
T00649,791.2795262212649,7,389.0425650156361,19,16,Sunday,20,33,Male,86639.53108424004,Savings,0
T00650,503.4577769397667,8,396.01525194843845,1,17,Friday,17,27,Female,43805.657315265235,Savings,0
T00651,96.05108520654946,3,346.3432320515247,7,13,Monday,14,66,Male,83143.25237416837,Checking,0
T00652,541.7354764003622,4,394.7521697580138,4,23,Saturday,5,49,Male,22497.084827099803,Checking,0
T00653,590.9727068406703,6,430.6646478549795,1,14,Saturday,18,68,Female,97349.24402347149,Checking,0
T00654,747.9850794424867,7,326.1218514068563,15,29,Wednesday,0,19,Female,62127.595407183144,Checking,0
T00655,437.3429507673826,4,89.87212128635558,8,7,Saturday,0,41,Female,44262.48208523562,Checking,0
T00656,136.30449976760812,8,269.4325143502449,12,14,Tuesday,12,40,Female,49006.65700757416,Savings,0
T00657,290.93814674073724,5,84.94220060222227,18,15,Monday,2,19,Female,25312.42827683979,Savings,0
T00658,369.45147343464873,1,233.39436396459388,15,12,Friday,9,55,Female,99147.96112336313,Savings,0
T00659,649.4580689182852,4,233.19792010653242,17,17,Saturday,20,48,Female,23143.355612055395,Savings,0
T00660,575.0705216222227,3,79.70442986310871,14,9,Monday,2,68,Male,72392.56985182872,Savings,0
T00661,362.5357586388678,9,206.9692402862657,14,22,Saturday,8,57,Male,55418.87421651666,Checking,0
T00662,986.6500963050499,8,99.94914445609167,18,15,Friday,7,43,Female,95913.2974550972,Checking,0
T00663,609.7170711633182,1,413.70584450415,18,12,Thursday,2,46,Male,39679.97922454361,Savings,0
T00664,244.85452381863453,6,476.45961168401186,16,2,Friday,12,20,Male,62566.94591504091,Savings,1
T00665,110.7646478941997,9,82.54241386607237,1,5,Friday,5,31,Female,58588.49668662024,Savings,0
T00666,161.33054779248872,7,479.80184328126563,11,13,Friday,12,42,Male,76229.31552400811,Checking,0
T00667,253.49815110066305,4,285.15946970153533,15,27,Saturday,22,65,Female,25440.81855619364,Checking,0
T00668,169.07455952696012,1,184.80455507924324,12,20,Wednesday,19,18,Male,35503.13040186839,Savings,0
T00669,194.7013538107927,2,84.58793387427357,8,23,Friday,19,20,Female,37165.185607427986,Checking,0
T00670,292.2442170069086,5,275.280920631688,6,8,Tuesday,11,43,Male,79052.06038733516,Savings,0
T00671,181.63985934180727,5,407.5319950208369,3,27,Tuesday,12,35,Male,35131.095706139204,Checking,0
T00672,897.797770380161,8,368.18891477001415,13,14,Monday,1,26,Male,65879.34111127813,Checking,0
T00673,89.43140820502579,6,72.60170515878819,13,15,Wednesday,20,55,Female,37219.5056400763,Savings,0
T00674,529.2662756745522,8,82.80582591555658,2,11,Monday,23,40,Male,88929.99600671827,Checking,0
T00675,416.2928587197649,2,231.2929771846867,5,1,Tuesday,22,38,Male,95374.83635917108,Checking,0
T00676,982.5548307395203,3,182.88072232157447,17,21,Sunday,15,18,Female,61479.43799537924,Savings,0
T00677,120.91851314637182,6,154.57294537522154,6,3,Tuesday,22,38,Female,48184.71073673426,Checking,0
T00678,403.8770430552842,3,176.4520245089211,2,17,Thursday,5,44,Male,38724.62200139993,Savings,0
T00679,969.7757289426152,6,411.5672344835981,4,28,Friday,18,59,Male,23982.480121843502,Checking,0
T00680,866.8520546350404,6,468.15262413433425,11,19,Sunday,20,23,Male,41480.00609579963,Savings,0
T00681,818.9013502397871,2,232.2962125374049,8,14,Tuesday,12,61,Male,72338.86239562543,Savings,0
T00682,265.32379877449046,7,457.7499509596237,12,22,Saturday,16,53,Female,62689.35450473687,Checking,0
T00683,179.17871151616515,2,194.67306556154688,8,23,Saturday,22,45,Male,95523.3022624742,Checking,0
T00684,671.9567877251867,6,264.3966438547062,11,8,Monday,8,62,Male,51702.18099933605,Savings,0
T00685,930.0822292363099,1,151.71304901719986,8,13,Sunday,16,34,Female,75509.06738627156,Checking,0
T00686,561.1952640837904,3,338.2142189791298,8,27,Monday,1,57,Male,59145.81979800971,Checking,0
T00687,575.8965625752008,2,490.541501828664,17,20,Friday,18,69,Male,61006.09727393693,Checking,0
T00688,287.1793027236813,7,321.5718932195204,16,3,Friday,18,20,Male,41421.9451683294,Savings,0
T00689,771.7980038600175,4,211.01633785109698,14,5,Thursday,23,29,Female,56396.062147359975,Savings,0
T00690,195.17331107194815,8,341.51785069573776,11,9,Wednesday,6,56,Female,57662.799761016584,Savings,0
T00691,330.4424440402012,6,105.31430530942441,7,29,Monday,21,29,Male,76531.40173991471,Checking,0
T00692,431.1820742302526,4,449.8965861194294,16,6,Friday,9,19,Male,95251.19993488911,Checking,0
T00693,512.5342748976104,5,276.38777785092634,13,25,Monday,9,63,Female,46345.70219860034,Savings,0
T00694,249.98563509092943,9,252.20738391783894,15,22,Friday,19,39,Male,23376.037486503876,Savings,0
T00695,123.68845649181151,7,313.63915480408366,16,2,Tuesday,8,40,Male,59703.61004005118,Checking,0
T00696,614.5138420172162,9,331.1527382552311,9,13,Monday,16,47,Female,63556.90657193349,Checking,0
T00697,295.7442477078532,7,82.29911280193086,3,5,Tuesday,14,22,Female,33475.24409055322,Checking,0
T00698,585.4258392083862,1,357.1777495505311,19,28,Monday,1,26,Female,80837.16850208535,Checking,0
T00699,162.81908812146028,8,158.86925614198833,5,27,Wednesday,3,38,Male,98794.32867531932,Savings,0
T00700,486.3287008362693,4,371.2786846279654,10,25,Thursday,18,28,Male,95661.97736067687,Checking,0
T00701,537.26353822607,3,420.1406574728885,17,8,Saturday,16,22,Male,35768.48310589218,Checking,0
T00702,61.30530145420264,7,411.7813283986341,15,23,Saturday,4,52,Male,90029.05919206086,Savings,0
T00703,343.23823541198135,3,298.6254353335501,8,1,Saturday,6,44,Female,76359.49091293478,Savings,0
T00704,143.0705301695845,8,284.076451539838,15,20,Tuesday,17,66,Male,56307.72510455293,Checking,0
T00705,72.74122076804007,6,114.29418260273528,14,12,Sunday,20,19,Male,63248.87954597832,Savings,0
T00706,990.0606300660457,5,398.905767681411,7,23,Friday,21,41,Female,87968.01399859665,Checking,0
T00707,329.13030652497577,4,172.13422120102146,12,11,Saturday,6,48,Female,58410.795171069854,Checking,0
T00708,811.7757013960885,8,273.5129402680759,17,7,Wednesday,16,50,Male,49856.58952841015,Savings,0
T00709,262.0942482161262,8,177.92334181738252,17,15,Saturday,6,56,Female,59459.79944207887,Savings,0
T00710,684.68769500169,1,110.2227633498619,10,22,Monday,3,47,Female,66330.38432280393,Checking,0
T00711,762.6255812907897,9,333.30096360128147,19,24,Tuesday,7,63,Male,35126.21230226791,Savings,0
T00712,599.6823532017659,5,74.44941567030672,14,11,Sunday,12,54,Male,92072.61842135925,Checking,0
T00713,476.8604266646568,4,386.89035535679,11,29,Monday,3,68,Male,73934.95590636911,Checking,0
T00714,417.7225050057958,6,192.9140578675025,2,22,Sunday,5,45,Male,70661.51338699911,Checking,0
T00715,355.3795838775653,6,50.0606118520184,18,26,Monday,4,48,Female,27959.69809445105,Savings,0
T00716,930.2338528053476,2,280.0081126567534,7,16,Monday,11,28,Female,68333.91505380734,Checking,0
T00717,832.3132137098519,8,71.0833588374214,12,3,Thursday,3,40,Male,29676.852979079387,Checking,0
T00718,965.3766415598475,7,174.27630101940474,2,20,Thursday,23,19,Male,26295.814015631924,Checking,0
T00719,133.05425125068928,1,368.1394193550723,18,14,Friday,8,57,Female,62184.87165139146,Savings,0
T00720,733.5588004516078,5,78.21032972983964,6,3,Tuesday,3,58,Male,52222.8427237196,Checking,0
T00721,938.9570522528275,6,427.702321560201,10,1,Wednesday,18,44,Male,67104.82161249785,Checking,0
T00722,189.42073550400355,4,51.7189651963624,15,26,Wednesday,23,52,Male,27137.77344457909,Checking,0
T00723,75.83130469310971,2,161.070741140856,5,21,Wednesday,13,19,Male,54478.64502778067,Savings,0
T00724,743.7094427971584,4,383.40682526843216,3,15,Monday,4,56,Female,33982.93720361264,Checking,0
T00725,578.7283820481127,1,192.32156737818806,5,1,Thursday,17,54,Male,98968.00687392932,Checking,0
T00726,843.4104889906894,7,95.85157462970608,8,17,Tuesday,9,38,Female,64892.01699481395,Savings,0
T00727,148.3746528600266,2,212.10526346019253,8,2,Monday,18,22,Male,74994.94887526939,Savings,0
T00728,797.3146387412913,2,171.6769788730365,8,29,Sunday,11,69,Male,46033.46245460863,Checking,0
T00729,209.6110468472671,9,429.2203559722497,12,20,Thursday,17,62,Female,27579.113182347533,Checking,0
T00730,172.01938343704745,5,191.0065629133144,8,6,Thursday,16,38,Male,98069.66902268292,Checking,0
T00731,172.62313995168302,2,405.01961229920323,11,8,Saturday,23,46,Female,42900.72283065466,Savings,0
T00732,816.4289730290683,9,451.3424651648306,14,29,Saturday,10,37,Male,53904.654813885936,Savings,0
T00733,668.5452484892381,9,245.2178388094383,8,16,Tuesday,2,55,Male,71989.113736206,Checking,0
T00734,527.8347705214281,1,459.4744147344764,10,19,Sunday,22,37,Male,21975.783814888902,Savings,0
T00735,365.24217928226744,3,219.79312428343678,7,1,Tuesday,16,67,Male,84820.73044138296,Checking,1
T00736,878.4285354049772,4,483.8352874205487,17,3,Tuesday,0,42,Male,62926.25520228962,Checking,0
T00737,398.52065634840903,7,90.18028603650782,4,28,Monday,14,19,Female,42257.374965505776,Savings,0
T00738,818.4334450768613,4,359.15866992645925,13,3,Friday,8,49,Female,24928.638823397538,Checking,0
T00739,444.74355948451625,2,272.2163182056179,4,5,Tuesday,14,43,Male,32999.87323795531,Savings,0
T00740,383.1749851306585,7,224.44196245504116,5,27,Saturday,23,23,Male,91602.70870827495,Savings,0
T00741,468.0529878129104,6,334.7203454368704,4,12,Friday,2,58,Female,74881.93791487129,Checking,0
T00742,308.36409542250067,3,366.73569123544905,18,12,Monday,21,20,Female,39992.13773095119,Savings,0
T00743,750.1332863744886,6,51.96347134263909,6,20,Friday,18,50,Male,25248.061195602364,Checking,0
T00744,507.6931861915544,6,125.12888993623942,2,13,Wednesday,12,18,Male,75249.2249909309,Savings,0
T00745,239.89056819534912,5,370.87072278544343,11,20,Sunday,11,68,Female,65792.61807742121,Checking,0
T00746,900.5788275418228,4,349.8734361101929,14,9,Friday,19,22,Male,52361.5619566588,Checking,0
T00747,390.0523091594793,1,484.72137730790473,5,7,Tuesday,0,30,Female,49088.91593520511,Checking,0
T00748,548.1173325028487,6,392.46700561285235,6,4,Monday,20,36,Male,37345.14207432866,Savings,0
T00749,907.4073898549015,2,477.8477184791021,10,19,Sunday,16,29,Female,73568.90052300142,Checking,0
T00750,627.9956159548522,3,366.14322569066314,8,22,Tuesday,12,65,Female,97653.44222350964,Savings,0
T00751,125.72906030128043,8,184.12349388774942,14,19,Sunday,0,42,Male,34057.21966694607,Savings,0
T00752,940.4338023773404,6,97.41421501288542,3,6,Saturday,9,68,Female,67769.32960124027,Savings,1
T00753,631.4309725407037,3,401.820738505221,12,27,Wednesday,14,52,Male,53934.8044596781,Savings,0
T00754,341.5565585105153,7,339.8671496641622,16,13,Saturday,6,29,Male,55735.09773957319,Savings,0
T00755,147.87935193675338,4,71.6837055769833,17,11,Tuesday,21,47,Male,40331.78241022515,Checking,0
T00756,796.0849373775931,9,212.02270965544025,1,13,Tuesday,17,22,Male,86010.79005291352,Savings,0
T00757,623.8720283692284,5,480.55991696792876,10,13,Tuesday,15,51,Female,58820.44833177929,Checking,0
T00758,538.1264810565583,3,275.1805155695905,10,28,Thursday,13,39,Male,63472.468175861126,Checking,0
T00759,894.9536572204481,2,244.7281112088671,2,25,Wednesday,17,56,Male,44380.87302378606,Savings,0
T00760,790.7112391122854,2,255.96482232168228,9,22,Sunday,6,30,Male,34544.67725335598,Checking,0
T00761,160.15813093542366,3,143.99722580232367,13,28,Tuesday,16,64,Male,26872.831056225637,Checking,0
T00762,318.6048471175927,2,215.91822688915784,16,20,Tuesday,17,20,Female,77129.53127399327,Savings,0
T00763,256.00424841632105,4,216.41596519422947,18,15,Sunday,11,37,Male,35698.74253502845,Checking,0
T00764,746.5068296469502,2,73.55975908436258,19,21,Saturday,7,48,Female,75206.02833510382,Savings,0
T00765,43.197110388421585,9,395.40543283306323,12,13,Saturday,21,22,Female,51230.11568375631,Savings,0
T00766,574.1907880226033,2,237.42699435674555,8,22,Tuesday,1,41,Female,53261.984079172114,Savings,0
T00767,764.8340988832837,9,419.9809490673905,17,11,Monday,6,57,Male,57534.19968742174,Checking,0
T00768,877.997980394132,6,432.6566005039529,15,19,Thursday,3,50,Male,49416.68065020346,Checking,0
T00769,348.6609312287484,1,145.39732461439613,10,8,Saturday,17,25,Male,28049.598177807206,Checking,0
T00770,823.0447316252927,4,345.80906697655786,15,20,Monday,5,41,Male,44770.54480022767,Checking,0
T00771,119.52541958565516,1,262.5268118733418,15,8,Thursday,8,67,Female,73098.74885551508,Savings,0
T00772,847.987768817173,6,446.07053206466827,7,10,Tuesday,8,37,Female,73262.75211750968,Savings,1
T00773,136.21377570866258,4,147.08330562940435,13,26,Wednesday,13,33,Male,42897.94457919955,Checking,0
T00774,403.3144176547636,3,355.0159401395199,17,16,Friday,7,67,Male,56808.210124615034,Savings,0
T00775,799.3224121217581,3,323.4884550137252,9,19,Friday,18,69,Male,35475.778240955,Checking,0
T00776,158.41825307528603,9,182.88566490732475,8,26,Tuesday,2,29,Male,36829.76652238686,Savings,0
T00777,236.95888128031507,6,111.47040664302767,18,23,Saturday,17,30,Male,21843.767072528593,Savings,0
T00778,725.0300427091356,9,343.23789221477443,13,11,Monday,4,62,Male,91739.72399261956,Savings,0
T00779,722.8361711806136,5,382.3688561595488,16,13,Wednesday,13,59,Male,36856.5332059925,Savings,0
T00780,644.7361565564444,2,192.0323046935075,9,28,Sunday,3,56,Female,38202.71015491706,Savings,0
T00781,697.008960022429,8,340.1746718100412,12,9,Thursday,6,42,Female,42368.114611610545,Checking,0
T00782,547.2971989141203,5,227.80890842517647,12,20,Tuesday,19,63,Female,30192.64573563432,Checking,0
T00783,259.28106831788324,2,370.94309747717796,6,24,Wednesday,11,49,Female,71141.03065450903,Savings,0
T00784,352.23903356888025,4,139.6468737023239,19,19,Wednesday,1,41,Male,26011.436254206925,Checking,0
T00785,189.7817396334114,9,450.5967511862785,7,16,Saturday,10,65,Male,30736.19410610802,Savings,0
T00786,909.366055720292,4,179.33431840951087,3,7,Thursday,13,64,Male,71580.53812720743,Savings,0
T00787,587.5578768184592,4,215.5036944902688,16,19,Wednesday,21,61,Male,47172.84963851542,Savings,0
T00788,406.8429025960035,2,76.1413784361574,18,12,Saturday,22,26,Male,76635.82613609513,Savings,0
T00789,467.3857456076914,6,100.18049554457437,16,15,Monday,15,57,Female,64593.97957361136,Checking,0
T00790,947.8105062156972,2,282.13785622054763,7,23,Saturday,19,67,Male,40481.69384492104,Savings,0
T00791,161.8178890849194,7,170.41670452758717,4,14,Monday,5,40,Female,72066.23603914624,Checking,0
T00792,590.3675336966293,3,425.9661015839875,8,11,Monday,22,67,Male,29301.89442343045,Savings,0
T00793,510.8297920956213,3,56.61202489472923,13,26,Sunday,3,30,Female,62912.830646402435,Savings,0
T00794,615.3396930803013,5,220.59232190237128,13,10,Sunday,14,49,Male,54971.84840360277,Checking,0
T00795,27.929081982632102,3,201.8054960460917,17,27,Wednesday,23,67,Female,41429.88662539526,Savings,0
T00796,873.40266985471,2,58.69743391292047,17,11,Saturday,0,32,Male,68320.39981916001,Savings,0
T00797,932.7970996587762,9,105.9657795502296,5,6,Sunday,6,53,Male,89706.6873872226,Checking,0
T00798,569.4818517533168,2,236.13920371338588,6,2,Monday,11,66,Male,99912.37598104613,Checking,0
T00799,699.6843156381233,2,271.789063001351,19,11,Sunday,9,22,Male,68621.02149947395,Checking,0
T00800,923.2743873655228,8,231.9303862646911,13,19,Thursday,4,39,Female,52376.469946333615,Savings,0
T00801,710.1662479702646,9,288.9219552854422,14,6,Wednesday,11,33,Male,38016.56801729613,Savings,0
T00802,161.01365248511874,7,317.8092537075567,4,14,Saturday,17,58,Female,40567.687151608945,Checking,0
T00803,580.525476565145,3,54.46571950752603,7,20,Saturday,9,27,Male,58356.398251981256,Checking,0
T00804,610.6478959190273,9,258.84282175407674,8,6,Friday,5,41,Female,49382.21610245674,Savings,0
T00805,429.8893645893622,3,483.5746583994147,13,17,Saturday,11,35,Male,93105.16180999554,Savings,0
T00806,739.0797932684756,5,283.5645260582969,6,10,Wednesday,6,66,Male,49463.63741245677,Checking,0
T00807,935.0233446213247,9,354.8940203565289,6,28,Thursday,17,35,Female,49875.56729163484,Checking,0
T00808,926.3128277777085,3,190.33873606259743,3,1,Saturday,1,24,Male,50682.760994718155,Checking,0
T00809,456.3309776900908,7,398.29612016874313,3,3,Friday,9,21,Male,86929.61682941265,Checking,0
T00810,122.1056653823477,1,397.8146668442518,13,8,Wednesday,14,43,Female,72063.06566775215,Savings,0
T00811,984.9927869727112,4,284.5832214443625,2,8,Monday,11,22,Male,69133.50802551142,Savings,0
T00812,840.5091055814747,4,489.2062204756461,16,27,Tuesday,16,33,Female,46731.441790708974,Savings,0
T00813,133.41605439123418,7,106.49759664319402,6,20,Tuesday,3,52,Male,85432.33414659515,Savings,0
T00814,921.6334637911986,8,57.62644920031145,8,22,Monday,6,43,Female,23069.10890845609,Checking,0
T00815,871.197398441507,1,396.5711952906932,8,15,Sunday,8,35,Female,89663.77378704905,Savings,0
T00816,523.6496765548114,5,413.21999181419716,6,24,Saturday,18,46,Female,61019.99198351437,Checking,0
T00817,595.3626813874799,7,104.0932531042593,14,7,Tuesday,22,40,Female,51860.01878907303,Savings,0
T00818,405.01267683142896,4,169.51227483137274,3,11,Sunday,6,31,Male,59773.38245741485,Savings,0
T00819,64.21402243381101,4,57.89856351498301,10,7,Tuesday,22,32,Male,73393.24244270648,Savings,0
T00820,341.8452692294419,4,181.9888748512541,3,29,Monday,1,66,Female,21021.23412143179,Checking,0
T00821,804.8249141120314,6,397.91384326340216,12,4,Saturday,5,50,Male,89724.14851665981,Savings,0
T00822,14.58570277455683,7,283.0822374706605,17,25,Saturday,17,42,Male,55739.16202491143,Checking,0
T00823,340.16417997423275,2,206.64301692572963,5,12,Sunday,5,38,Male,47437.32157600626,Checking,0
T00824,404.1870066550339,5,217.28268270784864,9,26,Monday,12,34,Female,31059.64525072457,Savings,0
T00825,542.0216469085436,4,50.60913157196067,7,6,Sunday,18,40,Male,55157.22994867537,Checking,0
T00826,920.6570602486329,3,184.91023740435617,4,14,Saturday,1,60,Male,59705.821702750305,Savings,0
T00827,352.88253442230166,7,340.9064337370687,13,12,Saturday,11,34,Female,52291.73555947823,Checking,0
T00828,353.4836698772654,6,488.3874997173607,13,11,Wednesday,14,31,Male,74292.80750615176,Savings,0
T00829,740.1262356286509,7,431.1773721427548,10,19,Sunday,13,46,Female,53671.72230073808,Checking,0
T00830,457.6957614809091,5,60.617734090488106,18,21,Wednesday,5,37,Female,96913.40622772586,Checking,0
T00831,232.35877471058214,6,454.3522721036777,17,5,Monday,17,47,Female,67942.20142588735,Savings,0
T00832,457.9151209713665,5,402.4392859843817,13,14,Thursday,4,36,Male,84598.23485215272,Savings,0
T00833,149.44845017600187,7,401.1692556069412,17,21,Tuesday,17,56,Male,28748.472248758306,Savings,0
T00834,184.62311664116106,2,256.0980915516071,4,24,Wednesday,2,30,Female,51783.30343567245,Savings,0
T00835,503.38409501208497,5,229.10238182952628,1,16,Tuesday,2,35,Female,46947.81611577222,Checking,0
T00836,424.7361950095024,6,186.31207797493667,1,25,Friday,21,40,Female,65558.59105092735,Checking,0
T00837,915.697442057419,6,79.5626865294646,15,13,Monday,21,63,Female,88889.08160491406,Checking,0
T00838,368.76996012546675,5,152.7059135721646,13,25,Thursday,9,50,Female,26267.057420960533,Checking,0
T00839,584.7824667752631,7,160.97163574011108,17,29,Friday,18,56,Female,25805.98384357686,Savings,0
T00840,635.9416450403351,8,267.8346813695907,8,22,Friday,2,57,Male,88025.4166526079,Checking,0
T00841,22.9635120224503,7,386.3499829685123,18,22,Saturday,11,35,Female,37028.00688306859,Savings,0
T00842,666.9019982965435,5,263.21442277907596,13,25,Friday,15,26,Female,73500.2603559851,Checking,0
T00843,186.25560720105392,1,76.03000225122227,14,20,Monday,16,50,Female,63430.250588864415,Savings,0
T00844,961.4596142947606,5,481.00541044469173,8,22,Wednesday,6,49,Male,86631.48759097836,Savings,0
T00845,157.17610047558182,2,474.2259435923505,8,4,Monday,12,34,Male,30007.112786912283,Savings,0
T00846,420.4778824897535,5,403.33529441678377,15,11,Wednesday,23,36,Male,30382.6372578089,Savings,0
T00847,94.49617139785742,5,496.0975557038993,13,17,Friday,1,44,Male,64545.46882226461,Savings,0
T00848,996.9055093274878,2,295.0170497601183,7,7,Friday,3,23,Female,95710.29226866967,Checking,0
T00849,507.17306022793014,5,483.2457576139427,5,14,Thursday,9,52,Male,53199.82066966034,Savings,0
T00850,599.4311671468433,4,84.02226827753785,17,26,Wednesday,6,54,Female,46155.368020375594,Checking,0
T00851,76.4057126145432,1,214.55633671761709,16,11,Friday,23,51,Female,68535.14585583087,Checking,0
T00852,752.460865695186,3,151.42157060304464,2,28,Saturday,16,37,Female,94435.88804360249,Savings,0
T00853,217.8065371646299,1,138.1248878604215,18,22,Tuesday,19,42,Female,86954.2266275699,Checking,0
T00854,899.0737465463067,5,113.36132700170424,17,9,Thursday,5,21,Female,99638.6888586576,Checking,0
T00855,213.08824407718708,4,330.0861387046985,7,23,Monday,18,27,Female,21805.486656190165,Checking,0
T00856,198.7808434570299,7,401.5948350862873,13,13,Thursday,4,27,Male,29028.65157702098,Savings,0
T00857,46.18417116961393,5,310.2342797391623,18,23,Tuesday,9,41,Male,68757.42106932975,Savings,0
T00858,477.34627565889923,4,116.13321931469436,14,18,Wednesday,8,38,Male,85646.11514670798,Savings,0
T00859,569.1927219299903,2,415.00569647006193,18,28,Monday,12,28,Male,42819.54738454132,Savings,0
T00860,75.05155303406885,4,336.17961822367783,13,11,Monday,18,44,Male,39136.8870427375,Checking,0
T00861,777.7723405280605,2,224.674567757148,11,15,Wednesday,20,33,Female,82958.06395049607,Checking,0
T00862,458.7559464005473,8,353.3586329912283,16,25,Sunday,23,43,Male,24510.548308258527,Checking,0
T00863,529.1463666343043,3,166.95724065927476,17,26,Sunday,5,47,Male,49550.61180660681,Checking,0
T00864,446.3551194688459,9,205.33649382239471,8,25,Thursday,3,66,Male,60464.73780738638,Checking,0
T00865,406.7554302665727,4,462.8686294093956,19,22,Friday,23,33,Female,64827.89394802588,Checking,0
T00866,564.0439279951357,6,180.72702755213916,15,29,Sunday,2,24,Female,78289.21254342215,Savings,0
T00867,163.6878434714054,5,261.4947206710715,9,19,Thursday,2,33,Female,48387.65787445266,Checking,0
T00868,190.1088491903184,1,450.5635118282066,10,1,Sunday,3,52,Male,69014.74757396858,Checking,0
T00869,863.1677648033822,9,368.47460762038736,12,4,Tuesday,4,33,Male,66830.0338232765,Checking,0
T00870,946.6543075122964,1,77.99145177411624,1,14,Saturday,7,57,Male,63809.288052299766,Savings,0
T00871,379.5762231169554,8,116.28636992553665,9,14,Friday,15,29,Male,71238.66345137698,Checking,1
T00872,278.03722641211823,9,53.52871584736257,15,3,Thursday,21,52,Male,40755.9336854461,Checking,0
T00873,647.5595478066256,9,333.9148056031235,1,28,Saturday,2,66,Female,26771.900286770317,Savings,0
T00874,414.6468293871154,1,251.45304143468826,12,17,Saturday,23,38,Male,29541.733763179473,Checking,0
T00875,35.13249210374141,2,110.423682906024,3,3,Sunday,11,67,Female,37966.59061231208,Savings,0
T00876,164.59107139252845,1,481.0703544755467,11,16,Wednesday,7,60,Male,60015.83484182282,Savings,0
T00877,718.8125065589236,2,288.34687577552893,2,14,Tuesday,12,53,Female,87235.42004368162,Checking,0
T00878,662.3347024910498,8,158.85198235080014,16,20,Tuesday,3,65,Female,76103.46736707073,Checking,0
T00879,36.825032578448656,5,275.2716070196184,9,29,Tuesday,13,34,Female,83123.24833616377,Savings,0
T00880,229.75244031361996,7,355.8291497307985,15,13,Friday,13,49,Female,48078.049914087314,Checking,0
T00881,238.76404862219067,2,84.30764808810402,12,15,Monday,12,58,Male,52372.299331884016,Checking,0
T00882,675.1738161627411,8,173.6167167715514,1,14,Friday,5,23,Male,51494.55087924903,Savings,0
T00883,29.513432376820514,6,413.13447089779714,13,24,Thursday,16,41,Male,35349.85475236012,Savings,0
T00884,113.06749616472811,8,256.84919168119757,14,25,Saturday,3,44,Female,24897.33265148576,Checking,0
T00885,801.9169245194574,1,295.9597139145327,8,19,Saturday,7,37,Male,67273.28742617814,Savings,0
T00886,186.75921543379027,1,244.76720099426117,8,6,Monday,16,42,Male,99137.3346736469,Checking,0
T00887,656.218646773356,7,69.75497418935231,12,10,Thursday,2,19,Male,33346.37639602103,Checking,0
T00888,245.80095323625926,8,124.58740091907016,1,27,Monday,16,26,Male,23734.7855919419,Checking,0
T00889,108.44697883175171,3,250.4937374338509,11,15,Saturday,8,45,Female,82362.53454591463,Checking,0
T00890,250.74046908945954,5,144.1334594335675,8,21,Sunday,1,55,Female,40206.880534777934,Savings,0
T00891,725.0442625371026,1,72.49056289685544,10,22,Friday,12,20,Male,86371.50442823427,Checking,0
T00892,857.1395034252229,7,429.6423488233207,19,20,Tuesday,19,37,Male,76314.93336276124,Savings,0
T00893,831.9176659213217,5,491.53663812385213,11,26,Saturday,1,23,Male,95653.88296406437,Checking,0
T00894,403.21169432227026,8,406.91429329853275,7,6,Wednesday,19,56,Female,52714.178860533764,Checking,0
T00895,671.4042852049397,8,434.2032147671002,11,23,Tuesday,10,50,Female,72957.58715605072,Savings,0
T00896,212.93445246166277,9,158.88970864267043,17,25,Saturday,21,18,Female,57188.38246506166,Checking,0
T00897,300.2162529584031,7,482.28213898093986,1,10,Friday,14,54,Male,70447.09578468348,Savings,0
T00898,897.3724603359086,1,138.6165670040428,8,7,Monday,10,23,Female,55967.91248061899,Savings,0
T00899,22.871904275628673,3,478.1434146628245,6,22,Sunday,22,62,Female,35090.57971392599,Checking,0
T00900,94.6534455459234,8,497.66868228467797,18,17,Sunday,2,51,Female,60631.793280270474,Checking,0
T00901,215.80739259456703,3,370.2752625857219,6,18,Tuesday,2,64,Female,62286.73611499539,Checking,0
T00902,36.26688183508152,8,491.51467930631986,5,17,Friday,11,32,Female,84848.30786081289,Checking,0
T00903,189.62108073889934,1,306.29290080519667,13,9,Sunday,23,62,Male,78841.65646348649,Savings,0
T00904,587.2111453599953,5,166.79380242924066,19,10,Sunday,4,43,Male,73103.32991531552,Checking,0
T00905,427.210305086573,4,246.6481485495294,8,10,Thursday,19,31,Male,29070.967644205804,Checking,0
T00906,893.7449939662051,5,317.10242092045365,9,25,Wednesday,6,24,Male,77649.3032530972,Checking,0
T00907,819.2691261210565,8,82.88670291215675,17,7,Tuesday,6,63,Female,60024.41250836118,Checking,0
T00908,348.3991781808972,4,330.05446907776076,3,16,Monday,12,48,Male,91527.96288849274,Checking,0
T00909,266.82919909697955,4,491.53002654303253,19,29,Sunday,8,41,Male,93589.67473044342,Savings,0
T00910,385.89548408559426,3,135.54844240267744,11,18,Thursday,20,48,Male,24412.527248142836,Checking,0
T00911,594.3919930896596,7,406.6678023297725,17,6,Friday,12,46,Female,85651.32482835831,Savings,0
T00912,275.3830044146475,3,458.5544572008287,19,27,Sunday,11,59,Male,23015.79123381365,Checking,0
T00913,627.9074187706427,3,474.6657167690994,2,20,Wednesday,12,49,Female,49373.57005560181,Checking,0
T00914,415.31753566932804,5,482.0610219824512,8,1,Monday,23,34,Female,63383.99804968633,Checking,0
T00915,556.5267090434604,5,284.6568374246624,19,1,Friday,9,31,Female,31848.063890170197,Savings,0
T00916,441.7652638439635,6,489.78855859617664,7,12,Friday,0,57,Male,79705.10500552614,Checking,0
T00917,301.5211019464985,8,390.7895932104975,17,21,Tuesday,7,53,Female,20668.376333771084,Savings,0
T00918,948.9687738925351,6,122.75214630663285,6,28,Sunday,21,65,Male,33487.92387472295,Savings,0
T00919,765.9697362181632,1,264.6050479105865,19,2,Tuesday,15,41,Male,66463.74638827806,Checking,0
T00920,148.712044008788,8,373.2490289174018,6,4,Monday,12,62,Male,77151.0049629834,Savings,0
T00921,869.7832961389337,8,161.30314211858752,2,17,Sunday,2,44,Female,93331.44821551329,Checking,0
T00922,492.5568862670185,9,338.2768325969993,6,4,Saturday,2,42,Female,76439.73215476991,Checking,0
T00923,895.6067046251505,9,349.97021557097867,5,11,Sunday,23,49,Male,73742.34162038928,Savings,0
T00924,801.8567033878421,2,123.21488471385464,19,22,Saturday,4,69,Female,51547.29170805315,Checking,0
T00925,430.9613694245411,2,304.28839060374037,4,26,Friday,10,35,Female,20102.75404214411,Checking,0
T00926,32.244615236916225,3,397.23210994037345,17,4,Tuesday,6,63,Female,29612.740698849753,Savings,0
T00927,275.99058579109663,1,274.5030490411739,11,1,Wednesday,20,35,Male,62764.36358048313,Savings,0
T00928,546.2178725142583,4,55.44640254924834,4,7,Sunday,23,54,Female,74010.39086755356,Savings,0
T00929,637.1434376278858,4,54.06731108568148,13,18,Wednesday,9,43,Female,53395.862711716996,Savings,0
T00930,265.3088085788703,9,210.66320478650547,17,9,Sunday,9,26,Male,78454.32092227122,Savings,0
T00931,147.96251333209588,9,466.7873307943019,9,29,Friday,19,52,Female,61748.9836265743,Savings,0
T00932,836.5809344313061,9,152.90455082162396,4,3,Tuesday,1,25,Male,25934.09564754498,Checking,0
T00933,984.5581588965166,7,335.46365999225924,14,8,Monday,2,37,Female,35361.30007743591,Savings,0
T00934,530.433280479659,2,149.93414181199427,19,29,Monday,7,59,Female,87199.85785951544,Savings,0
T00935,179.96249298982048,5,194.75149534679687,3,24,Monday,10,39,Female,77993.01972995515,Checking,0
T00936,279.5842532541753,4,431.6189403206678,14,19,Sunday,12,36,Female,91580.9589609996,Checking,0
T00937,28.206769781992065,8,377.9876490214761,8,4,Sunday,6,47,Female,29404.579929674925,Savings,0
T00938,915.155818494894,2,92.92967479094477,1,18,Wednesday,12,45,Female,99217.80276920591,Savings,0
T00939,126.57357206123973,6,242.91590944389512,10,20,Tuesday,1,52,Male,36752.53711599469,Checking,0
T00940,580.751310759111,5,63.12639364036901,18,27,Sunday,5,60,Female,20942.39010293136,Savings,0
T00941,281.3146684803339,2,266.400565971354,16,11,Tuesday,8,28,Female,99793.83512428433,Savings,0
T00942,558.6362224906355,1,348.09530526548065,8,27,Wednesday,19,48,Female,42485.91083560905,Checking,0
T00943,654.9061844683456,8,103.3261806191682,1,14,Sunday,1,66,Male,73441.5562010048,Savings,0
T00944,831.4443856701296,2,179.99822250912456,12,25,Monday,17,65,Male,34134.58513410442,Checking,0
T00945,214.35705904299718,7,229.02648147597063,8,18,Monday,15,56,Male,66418.28257593134,Savings,0
T00946,20.88587037189567,9,463.78896109522236,16,28,Friday,11,53,Female,92322.79891636474,Checking,0
T00947,145.5167737681192,9,496.9647569403338,18,28,Saturday,6,47,Female,45614.49339427509,Checking,0
T00948,901.018455429624,8,70.21008454802714,4,29,Thursday,6,40,Male,73620.31808354874,Checking,0
T00949,875.1511767868901,9,392.45356557292644,6,16,Saturday,16,36,Male,35032.28710387332,Savings,0
T00950,601.4389711486052,2,217.27582988105445,12,3,Sunday,12,29,Male,69983.63189749801,Checking,0
T00951,604.5116918293169,6,226.60618380326602,9,15,Tuesday,10,32,Female,46916.02814540081,Savings,0
T00952,668.3863078007929,4,389.4192380061602,15,27,Sunday,5,48,Male,36896.66068703613,Checking,0
T00953,183.6175658372151,4,463.29189446543387,16,27,Tuesday,22,60,Female,45054.56405629081,Checking,0
T00954,915.2678264657102,5,477.9178675261468,12,4,Tuesday,13,54,Female,34307.28548062395,Checking,0
T00955,424.5828196431524,3,309.7051637172444,14,5,Saturday,5,54,Female,92153.28862703062,Savings,0
T00956,389.3071429670025,1,210.70452168522627,13,17,Thursday,5,32,Male,51774.95090537031,Savings,0
T00957,523.7285282300091,8,404.3970886364507,2,7,Friday,1,46,Female,39622.34439794939,Checking,0
T00958,56.496307107304496,5,162.95062246803514,3,16,Saturday,21,67,Male,55872.62728127463,Savings,0
T00959,174.62053506851862,3,303.833312975083,10,14,Thursday,19,60,Male,45642.893344519645,Savings,0
T00960,740.6532802621067,7,211.36030768619293,9,26,Monday,14,43,Male,79553.54030506607,Savings,1
T00961,91.9706812458752,7,345.4839831685442,8,16,Monday,16,61,Male,97697.59295083955,Checking,0
T00962,607.1205883717244,1,158.17951080207808,10,7,Tuesday,7,19,Female,55042.692535811744,Savings,0
T00963,252.89561858450776,9,136.21682558067158,19,9,Wednesday,4,37,Female,88882.67199777922,Checking,0
T00964,395.4026579015568,2,463.2075890039467,3,4,Sunday,16,32,Female,65269.04588476956,Checking,0
T00965,295.80679940299285,5,95.81165732729161,5,22,Sunday,19,69,Female,32578.853207538676,Checking,0
T00966,362.11598930029965,5,277.68105848071923,3,11,Tuesday,0,21,Male,75249.81936650732,Savings,0
T00967,721.855446132403,8,149.383752333354,16,2,Wednesday,21,39,Male,61074.75977006561,Checking,0
T00968,304.15049846694325,8,67.51848349655035,17,12,Thursday,17,67,Male,72048.52186016827,Savings,0
T00969,570.7405938939282,7,66.20846823114188,15,12,Monday,14,55,Male,91174.9930057332,Savings,0
T00970,481.2898981771087,7,128.8497974476223,3,4,Sunday,4,40,Female,55234.765652483686,Checking,0
T00971,667.0344537090217,6,440.0466595277001,12,18,Saturday,6,43,Male,92094.20985738844,Checking,0
T00972,937.4614419315104,6,177.115434789662,9,26,Wednesday,17,68,Female,80053.5211425324,Checking,0
T00973,735.2463762381478,9,477.7066267588831,12,21,Thursday,5,28,Male,59088.394070238784,Savings,0
T00974,222.79097480484918,6,311.7300318451371,15,7,Monday,21,45,Male,68257.7708526371,Savings,0
T00975,40.871303710671825,2,246.47638539594473,2,29,Saturday,20,19,Male,46046.49060152091,Checking,0
T00976,269.64140385682686,2,311.0399756012546,18,1,Wednesday,4,25,Male,98687.78397910194,Checking,0
T00977,599.1271513932522,5,282.5142733518205,12,26,Tuesday,18,46,Female,73388.09304403167,Savings,0
T00978,60.91155534940785,4,391.4493141907963,4,26,Tuesday,9,28,Female,23507.74819973039,Savings,0
T00979,501.402584729224,2,177.12322968778352,16,23,Tuesday,14,54,Female,46129.7524598407,Checking,0
T00980,600.8744204277203,3,208.87267622013607,16,26,Sunday,9,35,Female,69865.1547007246,Savings,0
T00981,340.9014519087912,7,452.34243613996284,1,13,Thursday,15,67,Male,24506.662223939184,Savings,0
T00982,773.2030817083637,8,475.90543091768245,2,6,Tuesday,11,31,Male,21910.73530553142,Savings,0
T00983,115.53227060243408,6,451.6512023689135,3,6,Sunday,17,27,Female,56001.939162224204,Savings,0
T00984,84.38640391845067,5,238.75159728079112,17,12,Friday,22,52,Female,46615.214375413605,Savings,0
T00985,730.9068686415674,1,401.16447635309675,1,8,Sunday,0,26,Male,55063.88864265327,Savings,0
T00986,500.5364030441365,8,264.3510799854945,6,24,Monday,15,52,Male,41015.46479040041,Checking,0
T00987,691.5183724634587,3,273.89293346574595,15,22,Sunday,21,28,Female,33177.419755438474,Savings,0
T00988,440.47906521770875,6,142.10604907577778,14,19,Thursday,5,61,Female,75131.468558427,Checking,0
T00989,253.93801290671576,3,316.0086364663324,15,5,Saturday,2,29,Female,61165.68930142404,Checking,0
T00990,820.9112944974577,7,133.76115398900657,14,18,Sunday,1,20,Male,36012.33689994935,Savings,0
T00991,801.4217201792894,7,199.2041145802372,5,5,Tuesday,1,56,Female,45567.15410079986,Checking,0
T00992,697.7495061458825,9,434.7635907289708,6,25,Monday,12,31,Female,67344.63261306607,Checking,0
T00993,279.4236858576631,5,143.18411414488486,17,10,Wednesday,8,45,Female,25778.347861798225,Checking,0
T00994,594.3283602003962,8,82.02122832804477,11,1,Tuesday,15,28,Female,31796.240741294365,Savings,0
T00995,367.36415797062654,8,81.05341667576734,16,10,Monday,4,56,Female,25859.64832859121,Checking,0
T00996,100.66625259336782,1,473.35303422639856,12,5,Friday,22,42,Male,84985.38661712951,Savings,0
T00997,918.1404397076203,5,278.11419708282557,15,12,Wednesday,20,38,Female,80192.73865696075,Checking,0
T00998,145.45044460977178,3,234.23543231765825,4,22,Friday,6,27,Male,80265.03455034056,Checking,0
T00999,950.7349802825944,1,414.8953614535633,18,27,Saturday,12,60,Female,77306.02747808225,Checking,0
T01000,451.5457152283762,4,426.1216675597322,3,7,Monday,19,32,Female,73550.83389358953,Checking,0
